USE `FilmSphere`;

-- Area Contenuti
BEGIN;
	
	INSERT INTO `Film` VALUES ('AB12CD', 'Le avventure del tempo', 2020, 'Italia', 'Viaggio temporale avvincente.', 120, False, False, 7.5, 'R123XY'), ('EF34GH', 'La melodia dellanima', 2019, 'Francia', 'Emozionante viaggio musicale.', 95, False, False, 8.2, 'S456ZT'), ('IJ56KL', 'Sogni d estate', 2022, 'Spagna', 'Romance estivo e sogni infranti.', 110, False, False, 6.8, 'T789UV'), ('MN78OP', 'Intrighi di corte', 2018, 'Regno Unito', 'Intrighi politici e tradimenti.', 135, False, False, 9.0, 'U101AB'), ('QR90ST', 'La magia della foresta', 2021, 'Germania', 'Magia e mistero nella foresta.', 112, False, False, 7.1, 'V202CD'), ('UV12WX', 'L isola misteriosa', 2017, 'Stati Uniti', 'Avventura sull isola misteriosa.', 128, True, False, 8.5, 'W303EF'), ('YZ34AB', 'Il segreto del deserto', 2023, 'Egitto', 'Segreti nascosti nelle sabbie.', 105, False, False, 6.4, 'X404GH'), ('CD56EF', 'Romance sotto le stelle', 2016, 'Brasile', 'Romance sotto le stelle brasiliane.', 118, False, True, 7.8, 'Y505IJ'), ('GH78IJ', 'La notte dei misteri', 2015, 'Giappone', 'Misteri che si svelano di notte.', 122, False, False, 8.9, 'Z606KL'), ('KL90MN', 'Caccia al tesoro', 2014, 'Australia', 'Avventura e tesori nascosti.', 100, True, True, 6.6, 'A707MN'), ('OP12QR', 'In bilico tra cielo e terra', 2011, 'Cina', 'Equilibrio tra cielo e terra.', 130, False, False, 7.2, 'B808OP'), ('ST34UV', 'Fuga nell oceano', 2010, 'Canada', 'Fuga emozionante nell oceano.', 108, False, True, 8.0, 'C909QR'), ('WX56YZ', 'L amore ai tempi del viaggio', 2013, 'Messico', 'Viaggio romantico nel Messico.', 115, False, False, 6.9, 'D010ST'), ('AB78CD', 'Il segreto della montagna', 2012, 'Svizzera', 'Segreti nascosti tra le montagne.', 125, True, False, 7.7, 'E111WX'), ('EF90GH', 'Sulle ali del destino', 2019, 'Sudafrica', 'Destino e avventure in Africa.', 98, False, False, 9.5, 'F212YZ'), ('IJ12KL', 'L ultimo treno per Parigi', 2016, 'Francia', 'Viaggio romantico a Parigi.', 110, False, True, 8.3, 'G313AB'), ('MN34OP', 'Avventure nel deserto rosso', 2018, 'Australia', 'Avventure nel deserto australiano.', 105, False, False, 6.5, 'H414CD'), ('QR56ST', 'Il mistero della cascata', 2020, 'Canada', 'Mistero dietro la cascata.', 122, False, False, 7.0, 'I515EF'), ('UV78WX', 'Ritorno alle origini', 2022, 'Italia', 'Ritorno alle radici in Italia.', 115, False, True, 8.1, 'J616GH'), ('YZ90AB', 'Il segreto del tempio', 2017, 'India', 'Segreti antichi nel tempio.', 108, False, False, 7.4, 'K717IJ'), ('L123MN', 'L incanto della natura', 2023, 'Canada', 'Esplorazione della natura incantata.', 110, False, False, 8.7, 'M818UV'), ('M456OP', 'Il mistero del labirinto', 2021, 'Regno Unito', 'Intrighi nel labirinto misterioso.', 95, True, False, 7.3, 'N919QR'), ('N789QR', 'Riflessi d autunno', 2015, 'Italia', 'Romance sotto le foglie cadenti.', 120, False, False, 6.9, 'O020WX'), ('O123ST', 'Il segreto della montagna sacra', 2016, 'Giappone', 'Segreti nascosti tra le vette sacre.', 135, False, False, 8.5, 'P121YZ'), ('P456UV', 'Il viaggio del cuore', 2019, 'Francia', 'Viaggio romantico del cuore.', 112, False, True, 7.8, 'Q222AB'), ('Q789WX', 'Sulle ali del sogno', 2014, 'Svizzera', 'Sogni e avventure tra le nuvole.', 105, False, False, 9.2, 'R323CD'), ('R123AB', 'Cronache mistiche', 2020, 'Spagna', 'Avventure mistiche e segreti ancestrali.', 128, False, False, 7.1, 'S424EF'), ('S456CD', 'Il richiamo della foresta', 2018, 'Canada', 'Avventura nella foresta selvaggia.', 118, False, False, 6.5, 'T525GH'), ('T789EF', 'Intrighi diplomatici', 2012, 'Stati Uniti', 'Intrighi e segreti nella diplomazia.', 122, False, False, 8.9, 'U626IJ'), ('U012GH', 'Viaggio nel deserto incantato', 2017, 'Australia', 'Avventure nel deserto magico.', 100, True, False, 7.2, 'V727KL'), ('V345IJ', 'Il segreto del faro', 2011, 'Irlanda', 'Segreti svelati tra le onde del mare.', 130, False, False, 8.0, 'W828MN'), ('W678KL', 'Ritorno alle origini', 2022, 'Messico', 'Ritorno alle radici in una terra colorata.', 115, False, False, 7.5, 'X929OP'), ('X012MN', 'Il canto del vento', 2016, 'Argentina', 'Melodia del vento tra le montagne.', 110, False, True, 8.3, 'Y030QR'), ('Y345OP', 'Il segreto dell isola perduta', 2019, 'Grecia', 'Segreti antichi sull isola dimenticata.', 105, False, False, 6.8, 'Z131ST'), ('Z678QR', 'Sinfonia d amore', 2023, 'Austria', 'Romance sotto le stelle viennesi.', 122, False, False, 7.9, 'A232UV'), ('A012WX', 'Avventure nel deserto infinito', 2014, 'Namibia', 'Esplorazioni senza fine nel deserto.', 125, False, False, 6.7, 'B333AB'), ('B345YZ', 'Il mistero del lago', 2015, 'Canada', 'Mistero sotto la superficie del lago.', 98, False, True, 8.4, 'C434CD'), ('C678AB', 'Il sentiero dell\'avventura', 2020, 'Nuova Zelanda', 'Avventure lungo il sentiero selvaggio.', 110, False, False, 7.0, 'D535EF'), ('D012CD', 'L\'incanto della città eterna', 2018, 'Italia', 'Magia e storia nella città eterna.', 125, False, False, 8.6, 'E636GH'), ('E345EF', 'Canto degli uccelli', 2011, 'Brasile', 'Melodia degli uccelli nella foresta.', 108, False, False, 7.3, 'F737IJ'), ('F678GH', 'Segreti tra le rovine', 2013, 'Grecia', 'Scoperte tra le antiche rovine.', 115, False, False, 6.6, 'G838KL'), ('G012IJ', 'La via del guerriero', 2016, 'Giappone', 'Avventure sulla via del guerriero.', 122, False, False, 8.2, 'H939MN'), ('H345KL', 'Ritorno al futuro antico', 2017, 'Egitto', 'Viaggio nel passato tra le piramidi.', 95, False, False, 7.6, 'I040OP'), ('I678MN', 'Il segreto del deserto d\'oro', 2021, 'Arabia Saudita', 'Segreti tra le dune dorate.', 118, False, False, 6.9, 'J141QR'), ('J012OP', 'Intrighi a corte', 2019, 'Regno Unito', 'Intrighi e misteri nella corte reale.', 110, False, False, 8.7, 'K242ST'), ('K345QR', 'Avventure tra le nuvole', 2014, 'Stati Uniti', 'Avventure sopra le nuvole.', 105, False, False, 7.4, 'L343UV');

	INSERT INTO `Attore` VALUES ('A001AC', 'Gabriel', 'Anderson'), ('B002BD', 'Isabella', 'Baxter'), ('C003CE', 'Nathan', 'Carter'), ('D004DF', 'Olivia', 'Dixon'), ('E005EG', 'Elijah', 'Graham'), ('F006FH', 'Sophia', 'Hamilton'), ('G007GI', 'Caleb', 'Ingram'), ('H008HJ', 'Ava', 'Johnson'), ('I009IK', 'Liam', 'Kennedy'), ('J010JL', 'Mia', 'Lopez'), ('K011KM', 'Noah', 'Matthews'), ('L012LN', 'Emma', 'Nelson'), ('M013MO', 'Daniel', 'Owens'), ('N014NP', 'Aria', 'Perry'), ('O015OQ', 'Logan', 'Quinn'), ('P016PR', 'Chloe', 'Reid'), ('Q017QS', 'Mason', 'Smith'), ('R018RT', 'Grace', 'Thompson'), ('S019SU', 'Ethan', 'Underwood'), ('T020TV', 'Avery', 'Vaughn'), ('U021UW', 'Jackson', 'Williams'), ('V022VX', 'Hazel', 'Xavier'), ('W023WY', 'Owen', 'Young'), ('X024XZ', 'Madison', 'Zimmerman'), ('Y025YA', 'Ezra', 'Adams'), ('Z026ZB', 'Bella', 'Brown'), ('A027AC', 'Carter', 'Cooper'), ('B028BD', 'Daisy', 'Davis'), ('C029CE', 'Finn', 'Evans'), ('D030DF', 'Aurora', 'Fisher'), ('E031EG', 'Grayson', 'Garcia'), ('F032FH', 'Harper', 'Harrison'), ('G033GI', 'Ivy', 'Irwin'), ('H034HJ', 'Jaxon', 'Jones'), ('I035IK', 'Keira', 'King'), ('J036JL', 'Landon', 'Lee'), ('K037KM', 'Natalie', 'Murray'), ('L038LN', 'Oscar', 'Olson'), ('M039MO', 'Piper', 'Patterson'), ('N040NP', 'Quentin', 'Quinn'), ('O041OQ', 'Riley', 'Rogers'), ('P042PR', 'Sofia', 'Sullivan'), ('Q043QS', 'Theo', 'Tucker'), ('R044RT', 'Uma', 'Underwood'), ('S045SU', 'Violet', 'Vasquez'), ('T046TV', 'Weston', 'Ward'), ('U047UW', 'Xander', 'Xavier'), ('V048VX', 'Yara', 'Young'), ('W049WY', 'Zane', 'Zimmerman'), ('X050XZ', 'Lila', 'Zimmer'), ('Y051YA', 'Max', 'Adams'), ('Z052ZB', 'Gemma', 'Brown'), ('A053AC', 'Preston', 'Cooper'), ('B054BD', 'Hannah', 'Davis'), ('C055CE', 'Miles', 'Evans'), ('D056DF', 'Luna', 'Fisher'), ('E057EG', 'Caden', 'Garcia'), ('F058FH', 'Elise', 'Harrison'), ('G059GI', 'Carter', 'Irwin'), ('H060HJ', 'Zara', 'Jones');

	INSERT INTO `Regista` VALUES ('R123XY', 'Anna', 'Rossi'), ('S456ZT', 'Marco', 'Bianchi'), ('T789UV', 'Luisa', 'Verdi'), ('U101AB', 'Giovanni', 'Neri'), ('V202CD', 'Sara', 'Ricci'), ('W303EF', 'Matteo', 'Russo'), ('X404GH', 'Lucia', 'Conti'), ('Y505IJ', 'Francesco', 'Ferrari'), ('Z606KL', 'Lorenzo', 'Mancini'), ('A707MN', 'Valentina', 'De Luca'), ('B808OP', 'Simone', 'Esposito'), ('C909QR', 'Laura', 'Martini'), ('D010ST', 'Paolo', 'Romano'), ('E111WX', 'Giuseppe', 'Bianco'), ('F212YZ', 'Alessia', 'Colombo'), ('G313AB', 'Riccardo', 'Ferrari'), ('H414CD', 'Sofia', 'De Rosa'), ('I515EF', 'Marco', 'Neri'), ('J616GH', 'Marta', 'Rossi'), ('K717IJ', 'Andrea', 'Esposito'), ('M818UV', 'Giuseppe', 'Rossi'), ('N919QR', 'Anna', 'Bianchi'), ('O020WX', 'Luca', 'Verdi'), ('P121YZ', 'Sara', 'Neri'), ('Q222AB', 'Marco', 'Ricci'), ('R323CD', 'Matteo', 'Russo'), ('S424EF', 'Lucia', 'Conti'), ('T525GH', 'Francesco', 'Ferrari'), ('U626IJ', 'Lorenzo', 'Mancini'), ('V727KL', 'Valentina', 'De Luca'), ('W828MN', 'Simone', 'Esposito'), ('X929OP', 'Laura', 'Martini'), ('Y030QR', 'Paolo', 'Romano'), ('Z131ST', 'Giovanni', 'Bianco'), ('A232UV', 'Alessia', 'Colombo'), ('B333AB', 'Riccardo', 'Ferrari'), ('C434CD', 'Sofia', 'De Rosa'), ('D535EF', 'Marco', 'Neri'), ('E636GH', 'Marta', 'Rossi'), ('F737IJ', 'Andrea', 'Esposito'), ('G838KL', 'Sergio', 'Martini'), ('H939MN', 'Isabella', 'Romano'), ('I040OP', 'Roberto', 'Bianco'), ('J141QR', 'Federica', 'Colombo'), ('K242ST', 'Antonio', 'Ferrari'), ('L343UV', 'Cristina', 'Neri');

	INSERT INTO `Genere` VALUES ('Azione'), ('Avventura'), ('Commedia'), ('Drammatico'), ('Fantascienza'), ('Fantasy'), ('Horror'), ('Mistero'), ('Romantico'), ('Thriller'), ('Animazione'), ('Documentario'), ('Storico'), ('Musical');

	INSERT INTO `Recensione` VALUES ('AB12CD', 'U001AB', 8.7, 'Molto bello!', 25, 3), ('EF34GH', 'U002CD', 7.5, 'Interessante ma migliorabile', 15, 5), ('IJ56KL', 'U003EF', 9.2, 'Capolavoro assoluto', 30, 1), ('MN78OP', 'U004GH', 6.8, 'Deludente', 10, 8), ('QR90ST', 'U005IJ', 8.0, 'Consigliato!', 20, 4), ('UV12WX', 'U006KL', 7.3, 'Divertente ma prevedibile', 18, 6), ('YZ34AB', 'U007MN', 9.5, 'Emozionante, da vedere assolutamente', 35, 2), ('CD56EF', 'U008OP', 6.5, 'Sopra la media', 12, 7), ('GH78IJ', 'U009QR', 8.9, 'Incredibile', 28, 2), ('KL90MN', 'U010ST', 7.7, 'Consigliato per una serata leggera', 22, 4), ('OP12QR', 'U011UV', 5.5, 'Non all\'altezza delle aspettative', 8, 11), ('ST34UV', 'U012WX', 9.0, 'Da non perdere', 32, 1), ('WX56YZ', 'U013YZ', 7.9, 'Interessante ma qualche buco di trama', 21, 5), ('AB78CD', 'U014AB', 8.4, 'Bello, ma non eccezionale', 24, 3), ('EF90GH', 'U015CD', 6.9, 'Carino', 14, 6), ('IJ12KL', 'U016EF', 8.2, 'Da vedere più volte', 26, 2), ('MN34OP', 'U017GH', 7.0, 'Niente male', 16, 4), ('QR56ST', 'U018IJ', 8.6, 'Grandioso!', 27, 1), ('UV78WX', 'U019KL', 7.8, 'Divertente ma prevedibile', 19, 5), ('YZ90AB', 'U020MN', 9.3, 'Un capolavoro', 33, 1), ('L123MN', 'U021OP', 7.2, 'Carino ma non memorabile', 17, 6), ('M456OP', 'U022QR', 8.1, 'Consigliato!', 23, 3), ('N789QR', 'U023ST', 6.6, 'Non all\'altezza delle aspettative', 11, 8), ('O123ST', 'U024UV', 9.1, 'Emozionante, da vedere assolutamente', 31, 2), ('P456UV', 'U025WX', 6.7, 'Deludente', 13, 7), ('Q789WX', 'U026YZ', 8.8, 'Incredibile', 29, 2), ('R123AB', 'U027AB', 7.6, 'Consigliato per una serata leggera', 20, 4), ('S456CD', 'U028CD', 5.8, 'Non all\'altezza delle aspettative', 9, 10), ('T789EF', 'U029EF', 9.4, 'Da non perdere', 34, 1), ('U012GH', 'U030GH', 8.3, 'Interessante ma migliorabile', 25, 3), ('V345IJ', 'U031IJ', 7.4, 'Sopra la media', 15, 5), ('W678KL', 'U032KL', 9.6, 'Capolavoro assoluto', 36, 1), ('X012MN', 'U033MN', 7.1, 'Carino ma non memorabile', 16, 4), ('Y345OP', 'U034OP', 8.5, 'Bello, ma non eccezionale', 24, 3), ('Z678QR', 'U035QR', 6.9, 'Carino', 14, 6), ('A012WX', 'U036ST', 8.2, 'Da vedere più volte', 26, 2), ('B345YZ', 'U037UV', 7.0, 'Niente male', 16, 4), ('C678AB', 'U038WX', 8.6, 'Grandioso!', 27, 1), ('D012CD', 'U039YZ', 7.8, 'Divertente ma prevedibile', 19, 5), ('E345EF', 'U040AB', 9.3, 'Un capolavoro', 33, 1), ('F678GH', 'U041CD', 7.2, 'Carino ma non memorabile', 17, 6), ('G012IJ', 'U042EF', 8.1, 'Consigliato!', 23, 3), ('H345KL', 'U043GH', 6.6, 'Non all\'altezza delle aspettative', 11, 8), ('I678MN', 'U044IJ', 9.0, 'Da non perdere', 32, 1), ('J012OP', 'U046MN', 7.7, 'Consigliato per una serata leggera', 22, 4); 
    
    INSERT INTO `Vincita` VALUES ('VX123Y', '2023-05-15', 'AB12CD', 'Oscar', 'Miglior Film'), ('GT456Z', '2023-07-02', 'EF34GH', 'Golden Globe Awards', 'Miglior Regista'), ('PL789A', '2023-09-20', 'IJ56KL', 'BAFTA', 'Miglior Attore Protagonista'), ('CF012B', '2023-11-08', 'MN78OP', 'Cannes Film Festival Awards', 'Miglior Attrice Protagonista'), ('WR345C', '2023-02-14', 'QR90ST', 'Venice Film Festival Awards', 'Miglior Sceneggiatura'), ('LK678D', '2023-04-30', 'UV12WX', 'Oscar', 'Miglior Film'), ('PO901E', '2023-06-17', 'YZ34AB', 'Golden Globe Awards', 'Miglior Regista'), ('NJ234F', '2023-08-05', 'CD56EF', 'BAFTA', 'Miglior Attore Protagonista'), ('QA567G', '2023-10-23', 'GH78IJ', 'Cannes Film Festival Awards', 'Miglior Attrice Protagonista'), ('WS890H', '2023-12-10', 'KL90MN', 'Venice Film Festival Awards', 'Miglior Sceneggiatura');

	INSERT INTO `Premio` VALUES ('Oscar', 'Miglior Film'), ('Oscar', 'Miglior Regista'), ('Oscar', 'Miglior Attore Protagonista'), ('Oscar', 'Miglior Attrice Protagonista'), ('Oscar', 'Miglior Sceneggiatura'), ('Golden Globe Awards', 'Miglior Film'), ('Golden Globe Awards', 'Miglior Regista'), ('Golden Globe Awards', 'Miglior Attore Protagonista'), ('Golden Globe Awards', 'Miglior Attrice Protagonista'), ('Golden Globe Awards', 'Miglior Sceneggiatura'), ('BAFTA', 'Miglior Film'), ('BAFTA', 'Miglior Regista'), ('BAFTA', 'Miglior Attore Protagonista'), ('BAFTA', 'Miglior Attrice Protagonista'), ('BAFTA', 'Miglior Sceneggiatura'), ('Cannes Film Festival Awards', 'Miglior Film'), ('Cannes Film Festival Awards', 'Miglior Regista'), ('Cannes Film Festival Awards', 'Miglior Attore Protagonista'), ('Cannes Film Festival Awards', 'Miglior Attrice Protagonista'), ('Cannes Film Festival Awards', 'Miglior Sceneggiatura'), ('Venice Film Festival Awards', 'Miglior Film'), ('Venice Film Festival Awards', 'Miglior Regista'), ('Venice Film Festival Awards', 'Miglior Attore Protagonista'), ('Venice Film Festival Awards', 'Miglior Attrice Protagonista'), ('Venice Film Festival Awards', 'Miglior Sceneggiatura');

	INSERT INTO `VincitaAttore` VALUES ('CF012B', 'D004DF'), ('GT456Z', 'B002BD'), ('LK678D', 'F006FH');

	INSERT INTO `VincitaRegista` VALUES ('QA567G', 'Z606KL'), ('VX123Y', 'R123XY'), ('WR345C', 'V202CD');

	INSERT INTO `Partecipazione` VALUES ('AB12CD', 'A001AC'), ('EF34GH', 'B002BD'), ('IJ56KL', 'C003CE'), ('MN78OP', 'D004DF'), ('QR90ST', 'E005EG'), ('UV12WX', 'F006FH'), ('YZ34AB', 'G007GI'), ('CD56EF', 'H008HJ'), ('GH78IJ', 'I009IK'), ('KL90MN', 'J010JL'), ('OP12QR', 'K011KM'), ('ST34UV', 'L012LN'), ('WX56YZ', 'M013MO'), ('AB78CD', 'N014NP'), ('EF90GH', 'O015OQ'), ('IJ12KL', 'P016PR'), ('MN34OP', 'Q017QS'), ('QR56ST', 'R018RT'), ('UV78WX', 'S019SU'), ('YZ90AB', 'T020TV'), ('L123MN', 'U021UW'), ('M456OP', 'V022VX'), ('N789QR', 'W023WY'), ('O123ST', 'X024XZ'), ('P456UV', 'Y025YA'), ('Q789WX', 'Z026ZB'), ('R123AB', 'A027AC'), ('S456CD', 'B028BD'), ('T789EF', 'C029CE'), ('U012GH', 'D030DF'), ('V345IJ', 'E031EG'), ('W678KL', 'F032FH'), ('X012MN', 'G033GI'), ('Y345OP', 'H034HJ'), ('Z678QR', 'I035IK'), ('A012WX', 'J036JL'), ('B345YZ', 'K037KM'), ('C678AB', 'L038LN'), ('D012CD', 'M039MO'), ('E345EF', 'N040NP'), ('F678GH', 'O041OQ'), ('G012IJ', 'P042PR'), ('H345KL', 'Q043QS'), ('I678MN', 'R044RT'), ('J012OP', 'S045SU'), ('K345QR', 'T046TV'), ('L123MN', 'U047UW'), ('M456OP', 'V048VX'), ('N789QR', 'W049WY'), ('O123ST', 'X050XZ'), ('P456UV', 'Y051YA'), ('Q789WX', 'Z052ZB'), ('R123AB', 'A053AC'), ('S456CD', 'B054BD'), ('T789EF', 'C055CE'), ('U012GH', 'D056DF'), ('V345IJ', 'E057EG'), ('W678KL', 'F058FH'), ('X012MN', 'G059GI'), ('Y345OP', 'H060HJ'), ('Z678QR', 'I061IK'), ('A012WX', 'J062JL'), ('B345YZ', 'K063KM'), ('C678AB', 'L064LN'), ('D012CD', 'M065MO'), ('E345EF', 'N066NP'), ('F678GH', 'O067OQ'), ('G012IJ', 'P068PR'), ('H345KL', 'Q069QS'), ('I678MN', 'R070RT'), ('J012OP', 'S071SU'), ('K345QR', 'T072TV'), ('L123MN', 'U073UW'), ('M456OP', 'V074VX'), ('N789QR', 'W075WY'), ('O123ST', 'X076XZ'), ('P456UV', 'Y077YA'), ('Q789WX', 'Z078ZB'), ('R123AB', 'A079AC'), ('S456CD', 'B080BD'), ('T789EF', 'C081CE'), ('U012GH', 'D082DF'), ('V345IJ', 'E083EG'), ('W678KL', 'F084FH'), ('X012MN', 'G085GI'), ('Y345OP', 'H086HJ'), ('Z678QR', 'I087IK'), ('A012WX', 'J088JL'), ('B345YZ', 'K089KM'), ('C678AB', 'L090LN'), ('D012CD', 'M091MO'), ('E345EF', 'N092NP'), ('F678GH', 'O093OQ'), ('G012IJ', 'P094PR'), ('H345KL', 'Q095QS'), ('I678MN', 'R096RT'), ('J012OP', 'S097SU'), ('K345QR', 'T098TV'), ('L123MN', 'U099UW'), ('M456OP', 'V100VX');

	INSERT INTO `Classificazione` VALUES ('Azione', 'AB12CD'), ('Avventura', 'EF34GH'), ('Commedia', 'IJ56KL'), ('Drammatico', 'MN78OP'), ('Fantascienza', 'QR90ST'), ('Fantasy', 'UV12WX'), ('Horror', 'YZ34AB'), ('Mistero', 'CD56EF'), ('Romantico', 'GH78IJ'), ('Thriller', 'KL90MN'), ('Animazione', 'OP12QR'), ('Documentario', 'ST34UV'), ('Storico', 'WX56YZ'), ('Musical', 'AB78CD'), ('Azione', 'EF90GH'), ('Avventura', 'IJ12KL'), ('Commedia', 'MN34OP'), ('Drammatico', 'QR56ST'), ('Fantascienza', 'UV78WX'), ('Fantasy', 'YZ90AB'), ('Horror', 'L123MN'), ('Mistero', 'M456OP'), ('Romantico', 'N789QR'), ('Thriller', 'O123ST'), ('Animazione', 'P456UV'), ('Documentario', 'Q789WX'), ('Storico', 'R123AB'), ('Musical', 'S456CD'), ('Azione', 'T789EF'), ('Avventura', 'U012GH'), ('Commedia', 'V345IJ'), ('Drammatico', 'W678KL'), ('Fantascienza', 'X012MN'), ('Fantasy', 'Y345OP'), ('Horror', 'Z678QR'), ('Mistero', 'A012WX'), ('Romantico', 'B345YZ'), ('Thriller', 'C678AB'), ('Animazione', 'D012CD'), ('Documentario', 'E345EF'), ('Storico', 'F678GH'), ('Musical', 'G012IJ'), ('Azione', 'H345KL'), ('Avventura', 'I678MN'), ('Commedia', 'J012OP'), ('Drammatico', 'K345QR'), ('Fantascienza', 'AB12CD'), ('Fantasy', 'EF34GH'), ('Horror', 'IJ56KL'), ('Mistero', 'MN78OP'), ('Romantico', 'QR90ST'), ('Thriller', 'UV12WX'), ('Animazione', 'YZ34AB'), ('Documentario', 'CD56EF'), ('Storico', 'GH78IJ'), ('Musical', 'KL90MN'), ('Azione', 'OP12QR'), ('Avventura', 'ST34UV'), ('Commedia', 'WX56YZ'), ('Drammatico', 'AB78CD'), ('Fantascienza', 'EF90GH'), ('Fantasy', 'IJ12KL'), ('Horror', 'MN34OP'), ('Mistero', 'QR56ST'), ('Romantico', 'UV78WX'), ('Thriller', 'YZ90AB'), ('Animazione', 'L123MN'), ('Documentario', 'M456OP'), ('Storico', 'N789QR'), ('Musical', 'O123ST'), ('Azione', 'P456UV'), ('Avventura', 'Q789WX'), ('Commedia', 'R123AB'), ('Drammatico', 'S456CD'), ('Fantascienza', 'T789EF'), ('Fantasy', 'U012GH'), ('Horror', 'V345IJ'), ('Mistero', 'W678KL'), ('Romantico', 'X012MN'), ('Thriller', 'Y345OP'), ('Animazione', 'Z678QR'), ('Documentario', 'A012WX'), ('Storico', 'B345YZ'), ('Musical', 'C678AB'), ('Azione', 'D012CD'), ('Avventura', 'E345EF'), ('Commedia', 'F678GH'), ('Drammatico', 'G012IJ'), ('Fantascienza', 'H345KL'), ('Fantasy', 'I678MN'), ('Horror', 'J012OP'), ('Mistero', 'K345QR');

-- Area Formati

	INSERT INTO `FileFilm` VALUES ('F001XV', 'AB12CD', 1.5, 'C011DH'), ('F002YL', 'EF34GH', 2.2, 'C012DI'), ('F003QW', 'IJ56KL', 1.8, 'C013DJ'), ('F004AU', 'MN78OP', 2.7, 'C014DK'), ('F005HR', 'QR90ST', 2.0, 'C015DL'), ('F006TI', 'UV12WX', 0.8, 'C016DM'), ('F007BJ', 'YZ34AB', 2.5, 'C017DN'), ('F008NZ', 'CD56EF', 1.2, 'C018DO'), ('F009GM', 'GH78IJ', 2.9, 'C019DP'), ('F010KA', 'KL90MN', 2.3, 'C011DH'), ('F011QF', 'OP12QR', 1.0, 'C012DI'), ('F012XG', 'ST34UV', 1.6, 'C013DJ'), ('F013YD', 'WX56YZ', 2.1, 'C014DK'), ('F014ZP', 'AB78CD', 0.5, 'C015DL'), ('F015DL', 'EF90GH', 2.8, 'C016DM'), ('F016JM', 'IJ12KL', 2.2, 'C017DN'), ('F017OA', 'MN34OP', 1.7, 'C018DO'), ('F018ZJ', 'QR56ST', 1.3, 'C019DP'), ('F019DN', 'UV78WX', 1.9, 'C011DH'), ('F020RF', 'YZ90AB', 2.4, 'C012DI'), ('F021PT', 'L123MN', 2.6, 'C013DJ'), ('F022QI', 'M456OP', 0.9, 'C014DK'), ('F023VK', 'N789QR', 2.0, 'C015DL'), ('F024DC', 'O123ST', 2.3, 'C016DM'), ('F025BA', 'P456UV', 1.1, 'C017DN'), ('F026OM', 'Q789WX', 1.5, 'C018DO'), ('F027PC', 'R123AB', 2.2, 'C019DP'), ('F028JI', 'S456CD', 2.7, 'C011DH'), ('F029GL', 'T789EF', 1.8, 'C012DI'), ('F030NG', 'U012GH', 2.4, 'C013DJ'), ('F031YV', 'V345IJ', 1.4, 'C014DK'), ('F032DI', 'W678KL', 1.7, 'C015DL'), ('F033BV', 'X012MN', 0.7, 'C016DM'), ('F034HX', 'Y345OP', 2.5, 'C017DN'), ('F035FU', 'Z678QR', 2.1, 'C018DO'), ('F036DO', 'A012WX', 2.8, 'C019DP'), ('F037LA', 'B345YZ', 1.9, 'C011DH'), ('F038JL', 'C678AB', 2.3, 'C012DI'), ('F039RP', 'D012CD', 1.0, 'C013DJ'), ('F040OQ', 'E345EF', 1.6, 'C014DK'), ('F041DT', 'F678GH', 1.3, 'C015DL'), ('F042QK', 'G012IJ', 2.0, 'C016DM'), ('F043HM', 'H345KL', 1.5, 'C017DN'), ('F044BU', 'I678MN', 2.7, 'C018DO'), ('F045HR', 'J012OP', 2.2, 'C019DP'), ('F046TA', 'K345QR', 1.1, 'C011DH'), ('F047PY', 'AB12CD', 2.6, 'C012DI'), ('F048MC', 'EF34GH', 1.7, 'C013DJ'), ('F049LU', 'IJ56KL', 1.3, 'C014DK'), ('F050WA', 'MN78OP', 1.9, 'C015DL'), ('F051NG', 'QR90ST', 2.3, 'C016DM'), ('F052CU', 'UV12WX', 0.9, 'C017DN'), ('F053ZG', 'YZ34AB', 2.4, 'C018DO'), ('F054XV', 'CD56EF', 2.0, 'C019DP'), ('F055JW', 'GH78IJ', 1.2, 'C011DH'), ('F056VH', 'KL90MN', 1.6, 'C012DI'), ('F057ZW', 'OP12QR', 1.0, 'C013DJ'), ('F058OC', 'ST34UV', 2.2, 'C014DK'), ('F059YI', 'WX56YZ', 2.8, 'C015DL'), ('F060DM', 'AB78CD', 2.5, 'C016DM'), ('F061WD', 'EF90GH', 0.8, 'C017DN'), ('F062JI', 'IJ12KL', 1.4, 'C018DO'), ('F063YK', 'MN34OP', 1.1, 'C019DP'), ('F064ON', 'QR56ST', 2.7, 'C011DH'), ('F065PR', 'UV78WX', 2.0, 'C012DI'), ('F066QW', 'YZ90AB', 1.9, 'C013DJ'), ('F067AL', 'L123MN', 1.5, 'C014DK'), ('F068DI', 'M456OP', 1.7, 'C015DL'), ('F069BF', 'N789QR', 2.3, 'C016DM'), ('F070CP', 'O123ST', 2.6, 'C017DN'), ('F071TS', 'P456UV', 1.8, 'C018DO'), ('F072VQ', 'Q789WX', 2.4, 'C019DP'), ('F073XR', 'R123AB', 0.7, 'C011DH'), ('F074FY', 'S456CD', 2.1, 'C012DI'), ('F075UL', 'T789EF', 1.2, 'C013DJ'), ('F076RJ', 'U012GH', 1.4, 'C014DK'), ('F077QV', 'V345IJ', 2.5, 'C015DL'), ('F078KW', 'W678KL', 2.9, 'C016DM'), ('F079ET', 'X012MN', 2.0, 'C017DN'), ('F080QI', 'Y345OP', 1.3, 'C018DO');

	INSERT INTO `Contenitore` VALUES ('C011DH', 'H.264', 'AAC'), ('C012DI', 'VP9', 'FLAC'), ('C013DJ', 'HEVC', 'MP3'), ('C014DK', 'H.264', 'FLAC'), ('C015DL', 'VP9', 'MP3'), ('C016DM', 'HEVC', 'AAC'), ('C017DN', 'H.264', 'MP3'), ('C018DO', 'VP9', 'AAC'), ('C019DP', 'HEVC', 'FLAC');

	INSERT INTO `FormatoVideo` VALUES ('H.264', 4.5, '1080p'), ('VP9', 3.2, '720p'), ('HEVC', 5.0, '4k');

	INSERT INTO `FormatoAudio` VALUES ('MP3', 4.2), ('AAC', 3.8), ('FLAC', 4.5);

	INSERT INTO `Lingua` VALUES ('Inglese'), ('Portoghese'), ('Mandarino'), ('Hindi'), ('Russo'), ('Afrikaans'), ('Francese'), ('Spagnolo'), ('Tedesco'), ('Giapponese'), ('Italiano'), ('Coreano'), ('Arabo'), ('Turco');

	INSERT INTO `Stato` VALUES ('Stati Uniti', -95.7129, 37.0902, 'Inglese'), ('Brasile', -51.9253, -14.235, 'Portoghese'), ('Cina', 104.1954, 35.8617, 'Mandarino'), ('India', 78.9629, 20.5937, 'Hindi'), ('Russia', 105.3188, 61.524, 'Russo'), ('Sudafrica', 24.9916, -28.8166, 'Afrikaans'), ('Australia', 133.7751, -25.2744, 'Inglese'), ('Canada', -106.3468, 56.1304, 'Inglese'), ('Messico', -102.5528, 23.6345, 'Spagnolo'), ('Francia', 2.2137, 46.6035, 'Francese'), ('Germania', 10.4515, 51.1657, 'Tedesco'), ('Giappone', 138.2529, 36.2048, 'Giapponese'), ('Italia', 12.5674, 41.8719, 'Italiano'), ('Argentina', -63.6167, -38.4161, 'Spagnolo'), ('Corea del Sud', 127.7669, 35.9078, 'Coreano'), ('Arabia Saudita', 45.0792, 23.8859, 'Arabo'), ('Nigeria', 8.6753, 9.0820, 'Inglese'), ('Egitto', 31.2357, 30.0444, 'Arabo'), ('Turchia', 35.2433, 38.9637, 'Turco'), ('Regno Unito', -3.4360, 55.3781, 'Inglese');

	INSERT INTO `DisponibilitaSottotitoli` VALUES ('F001XV', 'Tedesco'), ('F001XV', 'Inglese'), ('F001XV', 'Arabo'), ('F001XV', 'Spagnolo'), ('F001XV', 'Francese'), ('F002YL', 'Arabo'), ('F002YL', 'Russo'), ('F002YL', 'Portoghese'), ('F002YL', 'Mandarino'), ('F002YL', 'Hindi'), ('F003QW', 'Inglese'), ('F003QW', 'Francese'), ('F003QW', 'Tedesco'), ('F003QW', 'Arabo'), ('F003QW', 'Spagnolo'), ('F004AU', 'Mandarino'), ('F004AU', 'Inglese'), ('F004AU', 'Portoghese'), ('F004AU', 'Francese'), ('F004AU', 'Russo'), ('F005HR', 'Francese'), ('F005HR', 'Portoghese'), ('F005HR', 'Inglese'), ('F005HR', 'Tedesco'), ('F005HR', 'Mandarino'), ('F006TI', 'Spagnolo'), ('F006TI', 'Inglese'), ('F006TI', 'Portoghese'), ('F006TI', 'Russo'), ('F006TI', 'Francese'), ('F007BJ', 'Tedesco'), ('F007BJ', 'Mandarino'), ('F007BJ', 'Russo'), ('F007BJ', 'Portoghese'), ('F007BJ', 'Inglese'), ('F008NZ', 'Mandarino'), ('F008NZ', 'Inglese'), ('F008NZ', 'Portoghese'), ('F008NZ', 'Arabo'), ('F008NZ', 'Hindi'), ('F009GM', 'Francese'), ('F009GM', 'Russo'), ('F009GM', 'Inglese'), ('F009GM', 'Mandarino'), ('F009GM', 'Portoghese'), ('F010KA', 'Hindi'), ('F010KA', 'Portoghese'), ('F010KA', 'Mandarino'), ('F010KA', 'Russo'), ('F010KA', 'Inglese'), ('F011QF', 'Russo'), ('F011QF', 'Mandarino'), ('F011QF', 'Francese'), ('F011QF', 'Inglese'), ('F011QF', 'Portoghese'), ('F012XG', 'Portoghese'), ('F012XG', 'Tedesco'), ('F012XG', 'Mandarino'), ('F012XG', 'Inglese'), ('F012XG', 'Russo'), ('F013YD', 'Inglese'), ('F013YD', 'Francese'), ('F013YD', 'Hindi'), ('F013YD', 'Russo'), ('F013YD', 'Mandarino'), ('F014ZP', 'Francese'), ('F014ZP', 'Mandarino'), ('F014ZP', 'Inglese'), ('F014ZP', 'Russo'), ('F014ZP', 'Portoghese'), ('F015DL', 'Portoghese'), ('F015DL', 'Inglese'), ('F015DL', 'Tedesco'), ('F015DL', 'Hindi'), ('F015DL', 'Mandarino'), ('F016JM', 'Russo'), ('F016JM', 'Mandarino'), ('F016JM', 'Inglese'), ('F016JM', 'Hindi'), ('F016JM', 'Portoghese'), ('F017OA', 'Inglese'), ('F017OA', 'Portoghese'), ('F017OA', 'Tedesco'), ('F017OA', 'Francese'), ('F017OA', 'Russo'), ('F018ZJ', 'Hindi'), ('F018ZJ', 'Mandarino'), ('F018ZJ', 'Inglese'), ('F018ZJ', 'Portoghese'), ('F018ZJ', 'Russo'), ('F019DN', 'Inglese'), ('F019DN', 'Francese'), ('F019DN', 'Mandarino'), ('F019DN', 'Hindi'), ('F019DN', 'Russo'), ('F020RF', 'Tedesco'), ('F020RF', 'Russo'), ('F020RF', 'Inglese'), ('F020RF', 'Hindi'), ('F020RF', 'Mandarino'), ('F021PT', 'Mandarino'), ('F021PT', 'Portoghese'), ('F021PT', 'Inglese'), ('F021PT', 'Tedesco'), ('F021PT', 'Russo'), ('F022QI', 'Portoghese'), ('F022QI', 'Inglese'), ('F022QI', 'Russo'), ('F022QI', 'Mandarino'), ('F022QI', 'Francese'), ('F023VK', 'Hindi'), ('F023VK', 'Mandarino'), ('F023VK', 'Russo'), ('F023VK', 'Tedesco'), ('F023VK', 'Inglese'), ('F024DC', 'Russo'), ('F024DC', 'Hindi'), ('F024DC', 'Portoghese'), ('F024DC', 'Inglese'), ('F024DC', 'Tedesco'), ('F025BA', 'Portoghese'), ('F025BA', 'Tedesco'), ('F025BA', 'Francese'), ('F025BA', 'Mandarino'), ('F025BA', 'Inglese'), ('F026OM', 'Mandarino'), ('F026OM', 'Inglese'), ('F026OM', 'Portoghese'), ('F026OM', 'Tedesco'), ('F026OM', 'Hindi'), ('F027PC', 'Inglese'), ('F027PC', 'Hindi'), ('F027PC', 'Tedesco'), ('F027PC', 'Portoghese'), ('F027PC', 'Russo'), ('F028JI', 'Portoghese'), ('F028JI', 'Inglese'), ('F028JI', 'Tedesco'), ('F028JI', 'Mandarino'), ('F028JI', 'Francese'), ('F029GL', 'Hindi'), ('F029GL', 'Russo'), ('F029GL', 'Inglese'), ('F029GL', 'Mandarino'), ('F029GL', 'Portoghese'), ('F030NG', 'Portoghese'), ('F030NG', 'Inglese'), ('F030NG', 'Hindi'), ('F030NG', 'Tedesco'), ('F030NG', 'Francese'), ('F031YV', 'Francese'), ('F031YV', 'Portoghese'), ('F031YV', 'Russo'), ('F031YV', 'Tedesco'), ('F031YV', 'Mandarino'), ('F032DI', 'Mandarino'), ('F032DI', 'Inglese'), ('F032DI', 'Russo'), ('F032DI', 'Portoghese'), ('F032DI', 'Francese'), ('F033BV', 'Inglese'), ('F033BV', 'Francese'), ('F033BV', 'Mandarino'), ('F033BV', 'Tedesco'), ('F033BV', 'Russo'), ('F034HX', 'Portoghese'), ('F034HX', 'Inglese'), ('F034HX', 'Hindi'), ('F034HX', 'Tedesco'), ('F034HX', 'Russo'), ('F035FU', 'Russo'), ('F035FU', 'Tedesco'), ('F035FU', 'Portoghese'), ('F035FU', 'Inglese'), ('F035FU', 'Mandarino'), ('F036DO', 'Portoghese'), ('F036DO', 'Tedesco'), ('F036DO', 'Russo'), ('F036DO', 'Mandarino'), ('F036DO', 'Hindi'), ('F037LA', 'Hindi'), ('F037LA', 'Inglese'), ('F037LA', 'Portoghese'), ('F037LA', 'Tedesco'), ('F037LA', 'Russo'), ('F038JL', 'Mandarino'), ('F038JL', 'Russo'), ('F038JL', 'Portoghese'), ('F038JL', 'Hindi'), ('F038JL', 'Inglese'), ('F039RP', 'Hindi'), ('F039RP', 'Russo'), ('F039RP', 'Tedesco'), ('F039RP', 'Mandarino'), ('F039RP', 'Portoghese'), ('F040OQ', 'Portoghese'), ('F040OQ', 'Russo'), ('F040OQ', 'Inglese'), ('F040OQ', 'Tedesco'), ('F040OQ', 'Hindi'), ('F041DT', 'Portoghese'), ('F041DT', 'Mandarino'), ('F041DT', 'Russo'), ('F041DT', 'Inglese'), ('F041DT', 'Tedesco'), ('F042QK', 'Portoghese'), ('F042QK', 'Mandarino'), ('F042QK', 'Russo'), ('F042QK', 'Tedesco'), ('F042QK', 'Hindi'), ('F043HM', 'Tedesco'), ('F043HM', 'Portoghese'), ('F043HM', 'Mandarino'), ('F043HM', 'Russo'), ('F043HM', 'Hindi'), ('F044BU', 'Russo'), ('F044BU', 'Inglese'), ('F044BU', 'Portoghese'), ('F044BU', 'Mandarino'), ('F044BU', 'Hindi'), ('F045HR', 'Russo'), ('F045HR', 'Portoghese'), ('F045HR', 'Hindi'), ('F045HR', 'Tedesco'), ('F045HR', 'Inglese'), ('F046TA', 'Portoghese'), ('F046TA', 'Russo'), ('F046TA', 'Tedesco'), ('F046TA', 'Mandarino'), ('F046TA', 'Francese'), ('F047PY', 'Tedesco'), ('F047PY', 'Inglese'), ('F047PY', 'Portoghese'), ('F047PY', 'Francese'), ('F047PY', 'Russo'), ('F048MC', 'Mandarino'), ('F048MC', 'Russo'), ('F048MC', 'Portoghese'), ('F048MC', 'Tedesco'), ('F048MC', 'Hindi'), ('F049LU', 'Russo'), ('F049LU', 'Hindi'), ('F049LU', 'Tedesco'), ('F049LU', 'Mandarino'), ('F049LU', 'Francese'), ('F050WA', 'Inglese'), ('F050WA', 'Russo'), ('F050WA', 'Tedesco'), ('F050WA', 'Portoghese'), ('F050WA', 'Mandarino'), ('F051NG', 'Russo'), ('F051NG', 'Portoghese'), ('F051NG', 'Inglese'), ('F051NG', 'Hindi'), ('F051NG', 'Francese'), ('F052CU', 'Arabo'), ('F052CU', 'Mandarino'), ('F052CU', 'Spagnolo'), ('F052CU', 'Tedesco'), ('F052CU', 'Coreano'), ('F053ZG', 'Portoghese'), ('F053ZG', 'Inglese'), ('F053ZG', 'Francese'), ('F053ZG', 'Turco'), ('F053ZG', 'Russo'), ('F054XV', 'Coreano'), ('F054XV', 'Russo'), ('F054XV', 'Tedesco'), ('F054XV', 'Mandarino'), ('F054XV', 'Arabo'), ('F055JW', 'Francese'), ('F055JW', 'Russo'), ('F055JW', 'Inglese'), ('F055JW', 'Spagnolo'), ('F055JW', 'Turco'), ('F056VH', 'Inglese'), ('F056VH', 'Portoghese'), ('F056VH', 'Francese'), ('F056VH', 'Tedesco'), ('F056VH', 'Giapponese'), ('F057ZW', 'Russo'), ('F057ZW', 'Inglese'), ('F057ZW', 'Turco'), ('F057ZW', 'Coreano'), ('F057ZW', 'Mandarino'), ('F058OC', 'Portoghese'), ('F058OC', 'Tedesco'), ('F058OC', 'Inglese'), ('F058OC', 'Coreano'), ('F058OC', 'Russo'), ('F059YI', 'Inglese'), ('F059YI', 'Francese'), ('F059YI', 'Spagnolo'), ('F059YI', 'Tedesco'), ('F059YI', 'Mandarino'), ('F060DM', 'Portoghese'), ('F060DM', 'Mandarino'), ('F060DM', 'Russo'), ('F060DM', 'Turco'), ('F060DM', 'Arabo'), ('F061WD', 'Russo'), ('F061WD', 'Tedesco'), ('F061WD', 'Spagnolo'), ('F061WD', 'Portoghese'), ('F061WD', 'Coreano'), ('F062JI', 'Mandarino'), ('F062JI', 'Turco'), ('F062JI', 'Francese'), ('F062JI', 'Inglese'), ('F062JI', 'Spagnolo'), ('F063YK', 'Russo'), ('F063YK', 'Turco'), ('F063YK', 'Inglese'), ('F063YK', 'Coreano'), ('F063YK', 'Francese'), ('F064ON', 'Portoghese'), ('F064ON', 'Tedesco'), ('F064ON', 'Mandarino'), ('F064ON', 'Inglese'), ('F064ON', 'Russo'), ('F065PR', 'Francese'), ('F065PR', 'Inglese'), ('F065PR', 'Mandarino'), ('F065PR', 'Russo'), ('F065PR', 'Coreano'), ('F066QW', 'Tedesco'), ('F066QW', 'Inglese'), ('F066QW', 'Portoghese'), ('F066QW', 'Russo'), ('F066QW', 'Giapponese'), ('F067AL', 'Spagnolo'), ('F067AL', 'Russo'), ('F067AL', 'Inglese'), ('F067AL', 'Francese'), ('F067AL', 'Arabo'), ('F068DI', 'Tedesco'), ('F068DI', 'Arabo'), ('F068DI', 'Spagnolo'), ('F068DI', 'Russo'), ('F068DI', 'Francese'), ('F069BF', 'Hindi'), ('F069BF', 'Inglese'), ('F069BF', 'Turco'), ('F069BF', 'Arabo'), ('F069BF', 'Mandarino'), ('F070CP', 'Coreano'), ('F070CP', 'Arabo'), ('F070CP', 'Portoghese'), ('F070CP', 'Inglese'), ('F070CP', 'Francese'), ('F071TS', 'Hindi'), ('F071TS', 'Mandarino'), ('F071TS', 'Russo'), ('F071TS', 'Inglese'), ('F071TS', 'Portoghese'), ('F072VQ', 'Arabo'), ('F072VQ', 'Francese'), ('F072VQ', 'Portoghese'), ('F072VQ', 'Spagnolo'), ('F072VQ', 'Tedesco'), ('F073XR', 'Portoghese'), ('F073XR', 'Inglese'), ('F073XR', 'Russo'), ('F073XR', 'Mandarino'), ('F073XR', 'Coreano'), ('F074FY', 'Francese'), ('F074FY', 'Inglese'), ('F074FY', 'Portoghese'), ('F074FY', 'Spagnolo'), ('F074FY', 'Tedesco'), ('F075UL', 'Inglese'), ('F075UL', 'Coreano'), ('F075UL', 'Mandarino'), ('F075UL', 'Russo'), ('F075UL', 'Francese'), ('F076RJ', 'Tedesco'), ('F076RJ', 'Portoghese'), ('F076RJ', 'Mandarino'), ('F076RJ', 'Inglese'), ('F076RJ', 'Coreano'), ('F077QV', 'Russo'), ('F077QV', 'Inglese'), ('F077QV', 'Mandarino'), ('F077QV', 'Francese'), ('F077QV', 'Turco'), ('F078KW', 'Inglese'), ('F078KW', 'Tedesco'), ('F078KW', 'Portoghese'), ('F078KW', 'Russo'), ('F078KW', 'Coreano'), ('F079ET', 'Coreano'), ('F079ET', 'Inglese'), ('F079ET', 'Tedesco'), ('F079ET', 'Mandarino'), ('F079ET', 'Francese'), ('F080QI', 'Russo'), ('F080QI', 'Inglese'), ('F080QI', 'Tedesco'), ('F080QI', 'Mandarino'), ('F080QI', 'Francese');

	INSERT INTO `DisponibilitaAudio` VALUES ('F001XV', 'Tedesco'), ('F001XV', 'Inglese'), ('F001XV', 'Arabo'), ('F001XV', 'Spagnolo'), ('F001XV', 'Francese'), ('F002YL', 'Arabo'), ('F002YL', 'Russo'), ('F002YL', 'Portoghese'), ('F002YL', 'Mandarino'), ('F002YL', 'Hindi'), ('F003QW', 'Inglese'), ('F003QW', 'Francese'), ('F003QW', 'Tedesco'), ('F003QW', 'Arabo'), ('F003QW', 'Spagnolo'), ('F004AU', 'Mandarino'), ('F004AU', 'Inglese'), ('F004AU', 'Portoghese'), ('F004AU', 'Francese'), ('F004AU', 'Russo'), ('F005HR', 'Francese'), ('F005HR', 'Portoghese'), ('F005HR', 'Inglese'), ('F005HR', 'Tedesco'), ('F005HR', 'Mandarino'), ('F006TI', 'Spagnolo'), ('F006TI', 'Inglese'), ('F006TI', 'Portoghese'), ('F006TI', 'Russo'), ('F006TI', 'Francese'), ('F007BJ', 'Tedesco'), ('F007BJ', 'Mandarino'), ('F007BJ', 'Russo'), ('F007BJ', 'Portoghese'), ('F007BJ', 'Inglese'), ('F008NZ', 'Mandarino'), ('F008NZ', 'Inglese'), ('F008NZ', 'Portoghese'), ('F008NZ', 'Arabo'), ('F008NZ', 'Hindi'), ('F009GM', 'Francese'), ('F009GM', 'Russo'), ('F009GM', 'Inglese'), ('F009GM', 'Mandarino'), ('F009GM', 'Portoghese'), ('F010KA', 'Hindi'), ('F010KA', 'Portoghese'), ('F010KA', 'Mandarino'), ('F010KA', 'Russo'), ('F010KA', 'Inglese'), ('F011QF', 'Russo'), ('F011QF', 'Mandarino'), ('F011QF', 'Francese'), ('F011QF', 'Inglese'), ('F011QF', 'Portoghese'), ('F012XG', 'Portoghese'), ('F012XG', 'Tedesco'), ('F012XG', 'Mandarino'), ('F012XG', 'Inglese'), ('F012XG', 'Russo'), ('F013YD', 'Inglese'), ('F013YD', 'Francese'), ('F013YD', 'Hindi'), ('F013YD', 'Russo'), ('F013YD', 'Mandarino'), ('F014ZP', 'Francese'), ('F014ZP', 'Mandarino'), ('F014ZP', 'Inglese'), ('F014ZP', 'Russo'), ('F014ZP', 'Portoghese'), ('F015DL', 'Portoghese'), ('F015DL', 'Inglese'), ('F015DL', 'Tedesco'), ('F015DL', 'Hindi'), ('F015DL', 'Mandarino'), ('F016JM', 'Russo'), ('F016JM', 'Mandarino'), ('F016JM', 'Inglese'), ('F016JM', 'Hindi'), ('F016JM', 'Portoghese'), ('F017OA', 'Inglese'), ('F017OA', 'Portoghese'), ('F017OA', 'Tedesco'), ('F017OA', 'Francese'), ('F017OA', 'Russo'), ('F018ZJ', 'Hindi'), ('F018ZJ', 'Mandarino'), ('F018ZJ', 'Inglese'), ('F018ZJ', 'Portoghese'), ('F018ZJ', 'Russo'), ('F019DN', 'Inglese'), ('F019DN', 'Francese'), ('F019DN', 'Mandarino'), ('F019DN', 'Hindi'), ('F019DN', 'Russo'), ('F020RF', 'Tedesco'), ('F020RF', 'Russo'), ('F020RF', 'Inglese'), ('F020RF', 'Hindi'), ('F020RF', 'Mandarino'), ('F021PT', 'Mandarino'), ('F021PT', 'Portoghese'), ('F021PT', 'Inglese'), ('F021PT', 'Tedesco'), ('F021PT', 'Russo'), ('F022QI', 'Portoghese'), ('F022QI', 'Inglese'), ('F022QI', 'Russo'), ('F022QI', 'Mandarino'), ('F022QI', 'Francese'), ('F023VK', 'Hindi'), ('F023VK', 'Mandarino'), ('F023VK', 'Russo'), ('F023VK', 'Tedesco'), ('F023VK', 'Inglese'), ('F024DC', 'Russo'), ('F024DC', 'Hindi'), ('F024DC', 'Portoghese'), ('F024DC', 'Inglese'), ('F024DC', 'Tedesco'), ('F025BA', 'Portoghese'), ('F025BA', 'Tedesco'), ('F025BA', 'Francese'), ('F025BA', 'Mandarino'), ('F025BA', 'Inglese'), ('F026OM', 'Mandarino'), ('F026OM', 'Inglese'), ('F026OM', 'Portoghese'), ('F026OM', 'Tedesco'), ('F026OM', 'Hindi'), ('F027PC', 'Inglese'), ('F027PC', 'Hindi'), ('F027PC', 'Tedesco'), ('F027PC', 'Portoghese'), ('F027PC', 'Russo'), ('F028JI', 'Portoghese'), ('F028JI', 'Inglese'), ('F028JI', 'Tedesco'), ('F028JI', 'Mandarino'), ('F028JI', 'Francese'), ('F029GL', 'Hindi'), ('F029GL', 'Russo'), ('F029GL', 'Inglese'), ('F029GL', 'Mandarino'), ('F029GL', 'Portoghese'), ('F030NG', 'Portoghese'), ('F030NG', 'Inglese'), ('F030NG', 'Hindi'), ('F030NG', 'Tedesco'), ('F030NG', 'Francese'), ('F031YV', 'Francese'), ('F031YV', 'Portoghese'), ('F031YV', 'Russo'), ('F031YV', 'Tedesco'), ('F031YV', 'Mandarino'), ('F032DI', 'Mandarino'), ('F032DI', 'Inglese'), ('F032DI', 'Russo'), ('F032DI', 'Portoghese'), ('F032DI', 'Francese'), ('F033BV', 'Inglese'), ('F033BV', 'Francese'), ('F033BV', 'Mandarino'), ('F033BV', 'Tedesco'), ('F033BV', 'Russo'), ('F034HX', 'Portoghese'), ('F034HX', 'Inglese'), ('F034HX', 'Hindi'), ('F034HX', 'Tedesco'), ('F034HX', 'Russo'), ('F035FU', 'Russo'), ('F035FU', 'Tedesco'), ('F035FU', 'Portoghese'), ('F035FU', 'Inglese'), ('F035FU', 'Mandarino'), ('F036DO', 'Portoghese'), ('F036DO', 'Tedesco'), ('F036DO', 'Russo'), ('F036DO', 'Mandarino'), ('F036DO', 'Hindi'), ('F037LA', 'Hindi'), ('F037LA', 'Inglese'), ('F037LA', 'Portoghese'), ('F037LA', 'Tedesco'), ('F037LA', 'Russo'), ('F038JL', 'Mandarino'), ('F038JL', 'Russo'), ('F038JL', 'Portoghese'), ('F038JL', 'Hindi'), ('F038JL', 'Inglese'), ('F039RP', 'Hindi'), ('F039RP', 'Russo'), ('F039RP', 'Tedesco'), ('F039RP', 'Mandarino'), ('F039RP', 'Portoghese'), ('F040OQ', 'Portoghese'), ('F040OQ', 'Russo'), ('F040OQ', 'Inglese'), ('F040OQ', 'Tedesco'), ('F040OQ', 'Hindi'), ('F041DT', 'Portoghese'), ('F041DT', 'Mandarino'), ('F041DT', 'Russo'), ('F041DT', 'Inglese'), ('F041DT', 'Tedesco'), ('F042QK', 'Portoghese'), ('F042QK', 'Mandarino'), ('F042QK', 'Russo'), ('F042QK', 'Tedesco'), ('F042QK', 'Hindi'), ('F043HM', 'Tedesco'), ('F043HM', 'Portoghese'), ('F043HM', 'Mandarino'), ('F043HM', 'Russo'), ('F043HM', 'Hindi'), ('F044BU', 'Russo'), ('F044BU', 'Inglese'), ('F044BU', 'Portoghese'), ('F044BU', 'Mandarino'), ('F044BU', 'Hindi'), ('F045HR', 'Russo'), ('F045HR', 'Portoghese'), ('F045HR', 'Hindi'), ('F045HR', 'Tedesco'), ('F045HR', 'Inglese'), ('F046TA', 'Portoghese'), ('F046TA', 'Russo'), ('F046TA', 'Tedesco'), ('F046TA', 'Mandarino'), ('F046TA', 'Francese'), ('F047PY', 'Tedesco'), ('F047PY', 'Inglese'), ('F047PY', 'Portoghese'), ('F047PY', 'Francese'), ('F047PY', 'Russo'), ('F048MC', 'Mandarino'), ('F048MC', 'Russo'), ('F048MC', 'Portoghese'), ('F048MC', 'Tedesco'), ('F048MC', 'Hindi'), ('F049LU', 'Russo'), ('F049LU', 'Hindi'), ('F049LU', 'Tedesco'), ('F049LU', 'Mandarino'), ('F049LU', 'Francese'), ('F050WA', 'Inglese'), ('F050WA', 'Russo'), ('F050WA', 'Tedesco'), ('F050WA', 'Portoghese'), ('F050WA', 'Mandarino'), ('F051NG', 'Russo'), ('F051NG', 'Portoghese'), ('F051NG', 'Inglese'), ('F051NG', 'Hindi'), ('F051NG', 'Francese'), ('F052CU', 'Arabo'), ('F052CU', 'Mandarino'), ('F052CU', 'Spagnolo'), ('F052CU', 'Tedesco'), ('F052CU', 'Coreano'), ('F053ZG', 'Portoghese'), ('F053ZG', 'Inglese'), ('F053ZG', 'Francese'), ('F053ZG', 'Turco'), ('F053ZG', 'Russo'), ('F054XV', 'Coreano'), ('F054XV', 'Russo'), ('F054XV', 'Tedesco'), ('F054XV', 'Mandarino'), ('F054XV', 'Arabo'), ('F055JW', 'Francese'), ('F055JW', 'Russo'), ('F055JW', 'Inglese'), ('F055JW', 'Spagnolo'), ('F055JW', 'Turco'), ('F056VH', 'Inglese'), ('F056VH', 'Portoghese'), ('F056VH', 'Francese'), ('F056VH', 'Tedesco'), ('F056VH', 'Giapponese'), ('F057ZW', 'Russo'), ('F057ZW', 'Inglese'), ('F057ZW', 'Turco'), ('F057ZW', 'Coreano'), ('F057ZW', 'Mandarino'), ('F058OC', 'Portoghese'), ('F058OC', 'Tedesco'), ('F058OC', 'Inglese'), ('F058OC', 'Coreano'), ('F058OC', 'Russo'), ('F059YI', 'Inglese'), ('F059YI', 'Francese'), ('F059YI', 'Spagnolo'), ('F059YI', 'Tedesco'), ('F059YI', 'Mandarino'), ('F060DM', 'Portoghese'), ('F060DM', 'Mandarino'), ('F060DM', 'Russo'), ('F060DM', 'Turco'), ('F060DM', 'Arabo'), ('F061WD', 'Russo'), ('F061WD', 'Tedesco'), ('F061WD', 'Spagnolo'), ('F061WD', 'Portoghese'), ('F061WD', 'Coreano'), ('F062JI', 'Mandarino'), ('F062JI', 'Turco'), ('F062JI', 'Francese'), ('F062JI', 'Inglese'), ('F062JI', 'Spagnolo'), ('F063YK', 'Russo'), ('F063YK', 'Turco'), ('F063YK', 'Inglese'), ('F063YK', 'Coreano'), ('F063YK', 'Francese'), ('F064ON', 'Portoghese'), ('F064ON', 'Tedesco'), ('F064ON', 'Mandarino'), ('F064ON', 'Inglese'), ('F064ON', 'Russo'), ('F065PR', 'Francese'), ('F065PR', 'Inglese'), ('F065PR', 'Mandarino'), ('F065PR', 'Russo'), ('F065PR', 'Coreano'), ('F066QW', 'Tedesco'), ('F066QW', 'Inglese'), ('F066QW', 'Portoghese'), ('F066QW', 'Russo'), ('F066QW', 'Giapponese'), ('F067AL', 'Spagnolo'), ('F067AL', 'Russo'), ('F067AL', 'Inglese'), ('F067AL', 'Francese'), ('F067AL', 'Arabo'), ('F068DI', 'Tedesco'), ('F068DI', 'Arabo'), ('F068DI', 'Spagnolo'), ('F068DI', 'Russo'), ('F068DI', 'Francese'), ('F069BF', 'Hindi'), ('F069BF', 'Inglese'), ('F069BF', 'Turco'), ('F069BF', 'Arabo'), ('F069BF', 'Mandarino'), ('F070CP', 'Coreano'), ('F070CP', 'Arabo'), ('F070CP', 'Portoghese'), ('F070CP', 'Inglese'), ('F070CP', 'Francese'), ('F071TS', 'Hindi'), ('F071TS', 'Mandarino'), ('F071TS', 'Russo'), ('F071TS', 'Inglese'), ('F071TS', 'Portoghese'), ('F072VQ', 'Arabo'), ('F072VQ', 'Francese'), ('F072VQ', 'Portoghese'), ('F072VQ', 'Spagnolo'), ('F072VQ', 'Tedesco'), ('F073XR', 'Portoghese'), ('F073XR', 'Inglese'), ('F073XR', 'Russo'), ('F073XR', 'Mandarino'), ('F073XR', 'Coreano'), ('F074FY', 'Francese'), ('F074FY', 'Inglese'), ('F074FY', 'Portoghese'), ('F074FY', 'Spagnolo'), ('F074FY', 'Tedesco'), ('F075UL', 'Inglese'), ('F075UL', 'Coreano'), ('F075UL', 'Mandarino'), ('F075UL', 'Russo'), ('F075UL', 'Francese'), ('F076RJ', 'Tedesco'), ('F076RJ', 'Portoghese'), ('F076RJ', 'Mandarino'), ('F076RJ', 'Inglese'), ('F076RJ', 'Coreano'), ('F077QV', 'Russo'), ('F077QV', 'Inglese'), ('F077QV', 'Mandarino'), ('F077QV', 'Francese'), ('F077QV', 'Turco'), ('F078KW', 'Inglese'), ('F078KW', 'Tedesco'), ('F078KW', 'Portoghese'), ('F078KW', 'Russo'), ('F078KW', 'Coreano'), ('F079ET', 'Coreano'), ('F079ET', 'Inglese'), ('F079ET', 'Tedesco'), ('F079ET', 'Mandarino'), ('F079ET', 'Francese'), ('F080QI', 'Russo'), ('F080QI', 'Inglese'), ('F080QI', 'Tedesco'), ('F080QI', 'Mandarino'), ('F080QI', 'Francese');

	INSERT INTO `IndisponibilitaFormato` VALUES ('C011DH', 'Stati Uniti'), ('C012DI', 'Portogallo'), ('C013DJ', 'Cina'), ('C014DK', 'India'), ('C015DL', 'Russia'), ('C016DM', 'Sudafrica'), ('C017DN', 'Australia'), ('C018DO', 'Canada'), ('C019DP', 'Messico'), ('C011DH', 'Francia'), ('C012DI', 'Germania'), ('C013DJ', 'Giappone'), ('C014DK', 'Italia'), ('C015DL', 'Argentina'), ('C016DM', 'Corea del Sud'), ('C017DN', 'Romania'), ('C018DO', 'Nigeria'), ('C019DP', "Costa d'Avorio"), ('C011DH', 'Egitto'), ('C012DI', 'Siria');

-- Area Clienti

    INSERT INTO `Utente` VALUES ('U001AB', 'Alice', 'Rossi', 'alice.rossi@email.com', 'password123', 1234567890123456), ('U002CD', 'Bob', 'Verdi', 'bob.verdi@email.com', 'securepass456', 2345678901234567), ('U003EF', 'Charlie', 'Bianchi', 'charlie.bianchi@email.com', 'strongpassword789', 3456789012345678), ('U004GH', 'David', 'Neri', 'david.neri@email.com', 'mypassword101', 4567890123456789), ('U005IJ', 'Emma', 'Gialli', 'emma.gialli@email.com', 'pass1234word', 5678901234567890), ('U006KL', 'Frank', 'Rosa', 'frank.rosa@email.com', 'securepass789', 6789012345678901), ('U007MN', 'Gina', 'Blu', 'gina.blu@email.com', 'password5678', 7890123456789012), ('U008OP', 'Harry', 'Arancioni', 'harry.arancioni@email.com', 'strongpass456', 8901234567890123), ('U009QR', 'Irene', 'Viola', 'irene.viola@email.com', 'mypassword789', 9012345678901234), ('U010ST', 'Jack', 'Marroni', 'jack.marroni@email.com', 'pass7890word', 1234567890123450), ('U011UV', 'Katie', 'Rame', 'katie.rame@email.com', 'password8901', 2345678901234561), ('U012WX', 'Leo', 'Grigi', 'leo.grigi@email.com', 'securepass890', 3456789012345672), ('U013YZ', 'Mia', 'Dorati', 'mia.dorati@email.com', 'strongpassword123', 4567890123456783), ('U014AB', 'Nathan', 'Celesti', 'nathan.celesti@email.com', 'mypassword456', 5678901234567894), ('U015CD', 'Olivia', 'Argentati', 'olivia.argentati@email.com', 'pass1234word', 6789012345678905), ('U016EF', 'Paul', 'Turchesi', 'paul.turchesi@email.com', 'securepass789', 7890123456789016), ('U017GH', 'Quinn', 'Verdi', 'quinn.verdi@email.com', 'password5678', 8901234567890127), ('U018IJ', 'Rachel', 'Magenta', 'rachel.magenta@email.com', 'strongpass456', 9012345678901238), ('U019KL', 'Sam', 'Dorati', 'sam.dorati@email.com', 'mypassword789', 1234567890123459), ('U020MN', 'Tom', 'Celesti', 'tom.celesti@email.com', 'pass7890word', 2345678901234560), ('U021OP', 'Ursula', 'Rame', 'ursula.rame@email.com', 'password8901', 3456789012345671), ('U022QR', 'Vincent', 'Grigi', 'vincent.grigi@email.com', 'securepass890', 4567890123456782), ('U023ST', 'Wendy', 'Dorati', 'wendy.dorati@email.com', 'strongpassword123', 5678901234567893), ('U024UV', 'Xavier', 'Celesti', 'xavier.celesti@email.com', 'mypassword456', 6789012345678904), ('U025WX', 'Yara', 'Argentati', 'yara.argentati@email.com', 'pass1234word', 7890123456789015), ('U026YZ', 'Zane', 'Magenta', 'zane.magenta@email.com', 'securepass789', 8901234567890126), ('U027AB', 'Abby', 'Rame', 'abby.rame@email.com', 'password5678', 9012345678900127), ('U028CD', 'Bobby', 'Grigi', 'bobby.grigi@email.com', 'strongpass456', 1234567890123458), ('U029EF', 'Charlie', 'Dorati', 'charlie.dorati@email.com', 'mypassword789', 2345678901234569), ('U030GH', 'David', 'Celesti', 'david.celesti@email.com', 'pass7890word', 3456789012345670), ('U031IJ', 'Emma', 'Rame', 'emma.rame@email.com', 'password8901', 4567890123456781), ('U032KL', 'Frank', 'Argentati', 'frank.argentati@email.com', 'securepass890', 5678901234567892), ('U033MN', 'Gina', 'Magenta', 'gina.magenta@email.com', 'strongpassword123', 6789012345678903), ('U034OP', 'Harry', 'Rame', 'harry.rame@email.com', 'mypassword456', 7890123456789014), ('U035QR', 'Irene', 'Grigi', 'irene.grigi@email.com', 'pass1234word', 8901234567890125), ('U036ST', 'Jack', 'Celesti', 'jack.celesti@email.com', 'securepass789', 9012345678901236), ('U037UV', 'Katie', 'Rame', 'katie.rame@email.com', 'password5678', 1234567890123457), ('U038WX', 'Leo', 'Argentati', 'leo.argentati@email.com', 'strongpass456', 2345678901234568), ('U039YZ', 'Mia', 'Dorati', 'mia.dorati@email.com', 'mypassword789', 3456789012345679), ('U040AB', 'Nathan', 'Celesti', 'nathan.celesti@email.com', 'pass7890word', 4567890123456780), ('U041CD', 'Olivia', 'Rame', 'olivia.rame@email.com', 'password8901', 5678901234567891), ('U042EF', 'Paul', 'Argentati', 'paul.argentati@email.com', 'securepass890', 6789012345678902), ('U043GH', 'Quinn', 'Magenta', 'quinn.magenta@email.com', 'strongpassword123', 7890123456789013), ('U044IJ', 'Rachel', 'Rame', 'rachel.rame@email.com', 'mypassword456', 8901234567890124), ('U046MN', 'Tom', 'Celesti', 'tom.celesti@email.com', 'pass7890word', 1234567890123455), ('U047OP', 'Ursula', 'Rame', 'ursula.rame@email.com', 'password8901', 2345678901234566), ('U048QR', 'Vincent', 'Grigi', 'vincent.grigi@email.com', 'securepass890', 3456789012345677), ('U049ST', 'Wendy', 'Dorati', 'wendy.dorati@email.com', 'strongpassword123', 4567890123456788), ('U050UV', 'Xavier', 'Celesti', 'xavier.celesti@email.com', 'mypassword456', 5678901234567899), ('U051WX', 'Yara', 'Argentati', 'yara.argentati@email.com', 'pass1234word', 6789012345678900), ('U052YZ', 'Zane', 'Magenta', 'zane.magenta@email.com', 'securepass789', 7890123456789011), ('U053AB', 'Abby', 'Rame', 'abby.rame@email.com', 'password5678', 9012345678900122), ('U054CD', 'Bobby', 'Grigi', 'bobby.grigi@email.com', 'strongpass456', 1234567890123453), ('U055EF', 'Charlie', 'Dorati', 'charlie.dorati@email.com', 'mypassword789', 2345678901234564), ('U056GH', 'David', 'Celesti', 'david.celesti@email.com', 'pass7890word', 3456789012345675), ('U057IJ', 'Emma', 'Rame', 'emma.rame@email.com', 'password8901', 4567890123456786), ('U058KL', 'Frank', 'Argentati', 'frank.argentati@email.com', 'securepass890', 5678901234567897), ('U059MN', 'Gina', 'Magenta', 'gina.magenta@email.com', 'strongpassword123', 6789012345678908), ('U060OP', 'Harry', 'Rame', 'harry.rame@email.com', 'mypassword456', 7890123456789019), ('U061QR', 'Irene', 'Grigi', 'irene.grigi@email.com', 'pass1234word', 8901234567890120), ('U062ST', 'Jack', 'Celesti', 'jack.celesti@email.com', 'securepass789', 9012345678901231), ('U063UV', 'Katie', 'Rame', 'katie.rame@email.com', 'password5678', 1234567890123452), ('U064WX', 'Leo', 'Argentati', 'leo.argentati@email.com', 'strongpass456', 2345678901234563), ('U065YZ', 'Mia', 'Dorati', 'mia.dorati@email.com', 'mypassword789', 3456789012345674), ('U066AB', 'Nathan', 'Celesti', 'nathan.celesti@email.com', 'pass7890word', 4567890123456785), ('U067CD', 'Olivia', 'Rame', 'olivia.rame@email.com', 'password8901', 5678901234567896), ('U068EF', 'Paul', 'Argentati', 'paul.argentati@email.com', 'securepass890', 6789012345678907), ('U069GH', 'Quinn', 'Magenta', 'quinn.magenta@email.com', 'strongpassword123', 7890123456789018), ('U070IJ', 'Rachel', 'Rame', 'rachel.rame@email.com', 'mypassword456', 8901234567890129), ('U071KL', 'Sam', 'Celesti', 'sam.celesti@email.com', 'pass7890word', 9012345678901230), ('U072MN', 'Tom', 'Dorati', 'tom.dorati@email.com', 'password8901', 1234567890123451), ('U073OP', 'Ursula', 'Rame', 'ursula.rame@email.com', 'securepass456', 2345678901234562), ('U074QR', 'Vincent', 'Grigi', 'vincent.grigi@email.com', 'strongpassword789', 3456789012345673), ('U075ST', 'Wendy', 'Dorati', 'wendy.dorati@email.com', 'mypassword101', 4567890123456784), ('U076UV', 'Xavier', 'Celesti', 'xavier.celesti@email.com', 'pass1234word', 5678901234567895), ('U077WX', 'Yara', 'Argentati', 'yara.argentati@email.com', 'securepass789', 6789012345678906), ('U078YZ', 'Zane', 'Magenta', 'zane.magenta@email.com', 'password5678', 7890123456789017), ('U079AB', 'Abby', 'Rame', 'abby.rame@email.com', 'strongpass456', 9012345678900188), ('U080CD', 'Bobby', 'Grigi', 'bobby.grigi@email.com', 'mypassword789', 1234567890123459), ('U081EF', 'Charlie', 'Dorati', 'charlie.dorati@email.com', 'pass7890word', 2345678901234560), ('U082GH', 'David', 'Celesti', 'david.celesti@email.com', 'password8901', 3456789012345671), ('U083IJ', 'Emma', 'Rame', 'emma.rame@email.com', 'securepass890', 4567890123456782), ('U084KL', 'Frank', 'Argentati', 'frank.argentati@email.com', 'strongpassword123', 5678901234567893), ('U085MN', 'Gina', 'Magenta', 'gina.magenta@email.com', 'mypassword456', 6789012345678904), ('U086OP', 'Harry', 'Rame', 'harry.rame@email.com', 'pass1234word', 7890123456789015), ('U087QR', 'Irene', 'Grigi', 'irene.grigi@email.com', 'securepass789', 8901234567890126), ('U088ST', 'Jack', 'Celesti', 'jack.celesti@email.com', 'password5678', 9012345678901237), ('U090UV', 'Katie', 'Rame', 'katie.rame@email.com', 'strongpass456', 1234567890123458), ('U091WX', 'Leo', 'Argentati', 'leo.argentati@email.com', 'mypassword789', 2345678901234569), ('U092YZ', 'Mia', 'Dorati', 'mia.dorati@email.com', 'pass7890word', 3456789012345670), ('U093AB', 'Nathan', 'Celesti', 'nathan.celesti@email.com', 'password8901', 4567890123456781), ('U094CD', 'Olivia', 'Rame', 'olivia.rame@email.com', 'securepass890', 5678901234567892), ('U095EF', 'Paul', 'Argentati', 'paul.argentati@email.com', 'strongpassword123', 6789012345678903), ('U096GH', 'Quinn', 'Magenta', 'quinn.magenta@email.com', 'mypassword456', 7890123456789014), ('U097IJ', 'Rachel', 'Rame', 'rachel.rame@email.com', 'pass1234word', 8901234567890125), ('U098KL', 'Sam', 'Celesti', 'sam.celesti@email.com', 'securepass789', 9012345678901236), ('U099MN', 'Tom', 'Dorati', 'tom.dorati@email.com', 'password8901', 1234567890123457), ('U100OP', 'Ursula', 'Rame', 'ursula.rame@email.com', 'securepass456', 2345678901234568), ('U101QR', 'Vincent', 'Argentati', 'vincent.argentati@email.com', 'mypassword123', 3456789012345679), ('U102ST', 'Wendy', 'Celesti', 'wendy.celesti@email.com', 'strongpass789', 4567890123456780);
    
    INSERT INTO `Dispositivo` VALUES ('D001DV', 'Smartphone', '720p', '16:9'), ('D002HT', 'PC', '4k', '21:9'), ('D003FJ', 'TV', '1080p', '16:9'), ('D004QW', 'Tablet', 'SD', '4:3'), ('D005UH', 'Smartphone', '4k', '18:9'), ('D006AK', 'PC', '720p', '3:2'), ('D007DL', 'TV', '1080p', '16:9'), ('D008BV', 'Tablet', '720p', '5:4'), ('D009PK', 'Smartphone', '1080p', '16:9'), ('D010LX', 'PC', 'SD', '4:3'), ('D011MC', 'TV', '4k', '21:9'), ('D012EI', 'Tablet', '720p', '3:2'), ('D013NZ', 'Smartphone', '1080p', '16:9'), ('D014QF', 'PC', '4k', '21:9'), ('D015AG', 'TV', '720p', '16:9'), ('D016SG', 'Tablet', 'SD', '5:4'), ('D017OM', 'Smartphone', '720p', '16:9'), ('D018XC', 'PC', '1080p', '16:9'), ('D019KR', 'TV', 'SD', '4:3'), ('D020YV', 'Tablet', '4k', '18:9'), ('D021DI', 'Smartphone', '720p', '16:9'), ('D022FT', 'PC', 'SD', '4:3'), ('D023ZH', 'TV', '4k', '21:9'), ('D024JP', 'Tablet', '1080p', '5:4'), ('D025BF', 'Smartphone', '4k', '18:9'), ('D026XC', 'PC', '720p', '3:2'), ('D027PL', 'TV', '1080p', '16:9'), ('D028JK', 'Tablet', 'SD', '5:4'), ('D029GH', 'Smartphone', '1080p', '16:9'), ('D030WM', 'PC', 'SD', '4:3'), ('D031KL', 'TV', '720p', '16:9'), ('D032SF', 'Tablet', '4k', '18:9'), ('D033VR', 'Smartphone', '1080p', '16:9'), ('D034CV', 'PC', '4k', '21:9'), ('D035MO', 'TV', '720p', '16:9'), ('D036NX', 'Tablet', 'SD', '4:3'), ('D037ZO', 'Smartphone', '720p', '16:9'), ('D038PT', 'PC', '1080p', '16:9'), ('D039YL', 'TV', 'SD', '4:3'), ('D040QI', 'Tablet', '4k', '18:9'), ('D041DL', 'Smartphone', '720p', '16:9'), ('D042FT', 'PC', 'SD', '4:3'), ('D043YH', 'TV', '4k', '21:9'), ('D044OI', 'Tablet', '720p', '3:2'), ('D045WG', 'Smartphone', '1080p', '16:9'), ('D046MC', 'PC', '4k', '21:9'), ('D047CP', 'TV', '720p', '16:9'), ('D048PL', 'Tablet', 'SD', '5:4'), ('D049HT', 'Smartphone', '720p', '16:9'), ('D050KR', 'PC', '1080p', '16:9'), ('D051YL', 'TV', 'SD', '4:3'), ('D052SF', 'Tablet', '4k', '18:9'), ('D053VR', 'Smartphone', '720p', '16:9'), ('D054CV', 'PC', 'SD', '4:3'), ('D055MO', 'TV', '4k', '21:9'), ('D056NX', 'Tablet', '1080p', '5:4'), ('D057ZO', 'Smartphone', '4k', '18:9'), ('D058PT', 'PC', '720p', '3:2'), ('D059YL', 'TV', '1080p', '16:9'), ('D060QI', 'Tablet', 'SD', '5:4'), ('D061DL', 'Smartphone', '720p', '16:9'), ('D062FT', 'PC', 'SD', '4:3'), ('D063YH', 'TV', '4k', '21:9'), ('D064OI', 'Tablet', '720p', '3:2'), ('D065WG', 'Smartphone', '1080p', '16:9'), ('D066MC', 'PC', '4k', '21:9'), ('D067CP', 'TV', '720p', '16:9'), ('D068PL', 'Tablet', 'SD', '5:4'), ('D069HT', 'Smartphone', '720p', '16:9'), ('D070KR', 'PC', '1080p', '16:9'), ('D071YL', 'TV', 'SD', '4:3'), ('D072SF', 'Tablet', '4k', '18:9'), ('D073VR', 'Smartphone', '720p', '16:9'), ('D074CV', 'PC', 'SD', '4:3'), ('D075MO', 'TV', '4k', '21:9'), ('D076NX', 'Tablet', '1080p', '5:4'), ('D077ZO', 'Smartphone', '4k', '18:9'), ('D078PT', 'PC', '720p', '3:2'), ('D079YL', 'TV', '1080p', '16:9'), ('D080QI', 'Tablet', 'SD', '5:4'), ('D081DL', 'Smartphone', '720p', '16:9'), ('D082FT', 'PC', 'SD', '4:3'), ('D083YH', 'TV', '4k', '21:9'), ('D084OI', 'Tablet', '720p', '3:2'), ('D085WG', 'Smartphone', '1080p', '16:9'), ('D086MC', 'PC', '4k', '21:9'), ('D087CP', 'TV', '720p', '16:9'), ('D088PL', 'Tablet', 'SD', '5:4'), ('D089HT', 'Smartphone', '720p', '16:9'), ('D090KR', 'PC', '1080p', '16:9'), ('D091YL', 'TV', 'SD', '4:3'), ('D092SF', 'Tablet', '4k', '18:9'), ('D093VR', 'Smartphone', '720p', '16:9'), ('D094CV', 'PC', 'SD', '4:3'), ('D095MO', 'TV', '4k', '21:9'), ('D096NX', 'Tablet', '1080p', '5:4'), ('D097ZO', 'Smartphone', '4k', '18:9'), ('D098PT', 'PC', '720p', '3:2'), ('D099YL', 'TV', '1080p', '16:9'), ('D100QI', 'Tablet', 'SD', '5:4'), ('D101DL', 'Smartphone', '720p', '16:9'), ('D102FT', 'PC', 'SD', '4:3'), ('D103YH', 'TV', '4k', '21:9'), ('D104OI', 'Tablet', '720p', '3:2'), ('D105WG', 'Smartphone', '1080p', '16:9'), ('D106MC', 'PC', '4k', '21:9'), ('D107CP', 'TV', '720p', '16:9'), ('D108PL', 'Tablet', 'SD', '5:4'), ('D109HT', 'Smartphone', '720p', '16:9'), ('D110KR', 'PC', '1080p', '16:9'), ('D111YL', 'TV', 'SD', '4:3'), ('D112SF', 'Tablet', '4k', '18:9'), ('D113VR', 'Smartphone', '720p', '16:9'), ('D114CV', 'PC', 'SD', '4:3'), ('D115MO', 'TV', '4k', '21:9'), ('D116NX', 'Tablet', '1080p', '5:4'), ('D117ZO', 'Smartphone', '4k', '18:9'), ('D118PT', 'PC', '720p', '3:2'), ('D119YL', 'TV', '1080p', '16:9'), ('D120QI', 'Tablet', 'SD', '5:4');
    
    INSERT INTO `CartaDiCredito` VALUES (1234567890123450, 2023, 11, 'Carta Credito', 123, 'MasterCard'), (1234567890123451, 2023, 11, 'Carta Credito', 456, 'Visa'), (1234567890123453, 2023, 11, 'Carta Credito', 789, 'MasterCard'), (1234567890123455, 2023, 11, 'Carta Credito', 012, 'Visa'), (1234567890123456, 2023, 11, 'Carta Credito', 345, 'MasterCard'), (1234567890123457, 2023, 11, 'Carta Credito', 678, 'Visa'), (1234567890123458, 2023, 11, 'Carta Credito', 901, 'MasterCard'), (1234567890123459, 2023, 11, 'Carta Credito', 234, 'Visa'), (2345678901234560, 2023, 11, 'Carta Credito', 567, 'MasterCard'), (2345678901234561, 2023, 11, 'Carta Credito', 890, 'Visa'), (2345678901234562, 2023, 11, 'Carta Credito', 123, 'MasterCard'), (2345678901234564, 2023, 11, 'Carta Credito', 456, 'Visa'), (2345678901234566, 2023, 11, 'Carta Credito', 789, 'MasterCard'), (2345678901234567, 2023, 11, 'Carta Credito', 012, 'Visa'), (2345678901234568, 2023, 11, 'Carta Credito', 345, 'MasterCard'), (2345678901234569, 2023, 11, 'Carta Credito', 678, 'Visa'), (3456789012345670, 2023, 11, 'Carta Credito', 901, 'MasterCard'), (3456789012345671, 2023, 11, 'Carta Credito', 234, 'Visa'), (3456789012345672, 2023, 11, 'Carta Credito', 567, 'MasterCard'), (3456789012345673, 2023, 11, 'Carta Credito', 890, 'Visa'), (3456789012345675, 2023, 11, 'Carta Credito', 123, 'MasterCard'), (3456789012345677, 2023, 11, 'Carta Credito', 456, 'Visa'), (3456789012345678, 2023, 11, 'Carta Credito', 789, 'MasterCard'), (3456789012345679, 2023, 11, 'Carta Credito', 012, 'Visa'), (4567890123456780, 2023, 11, 'Carta Credito', 345, 'MasterCard'), (4567890123456781, 2023, 11, 'Carta Credito', 678, 'Visa'), (4567890123456782, 2023, 11, 'Carta Credito', 901, 'MasterCard'), (4567890123456783, 2023, 11, 'Carta Credito', 234, 'Visa'), (4567890123456784, 2023, 11, 'Carta Credito', 567, 'MasterCard'), (4567890123456786, 2023, 11, 'Carta Credito', 890, 'Visa'), (4567890123456788, 2023, 11, 'Carta Credito', 123, 'MasterCard'), (4567890123456789, 2023, 11, 'Carta Credito', 456, 'Visa'), (5678901234567890, 2023, 11, 'Carta Credito', 789, 'MasterCard'), (5678901234567891, 2023, 11, 'Carta Credito', 012, 'Visa'), (5678901234567892, 2023, 11, 'Carta Credito', 345, 'MasterCard'), (5678901234567893, 2023, 11, 'Carta Credito', 678, 'Visa'), (5678901234567894, 2023, 11, 'Carta Credito', 901, 'MasterCard'), (5678901234567895, 2023, 11, 'Carta Credito', 234, 'Visa'), (5678901234567897, 2023, 11, 'Carta Credito', 567, 'MasterCard'), (5678901234567899, 2023, 11, 'Carta Credito', 890, 'Visa'), (6789012345678900, 2023, 11, 'Carta Credito', 123, 'MasterCard'), (6789012345678901, 2023, 11, 'Carta Credito', 456, 'Visa'), (6789012345678902, 2023, 11, 'Carta Credito', 789, 'MasterCard'), (6789012345678903, 2023, 11, 'Carta Credito', 012, 'Visa'), (6789012345678904, 2023, 11, 'Carta Credito', 345, 'MasterCard'), (6789012345678905, 2023, 11, 'Carta Credito', 678, 'Visa'), (6789012345678906, 2023, 11, 'Carta Credito', 901, 'MasterCard'), (6789012345678908, 2023, 11, 'Carta Credito', 234, 'Visa'), (7890123456789011, 2023, 11, 'Carta Credito', 567, 'MasterCard'), (7890123456789012, 2023, 11, 'Carta Credito', 890, 'Visa'), (7890123456789013, 2023, 11, 'Carta Credito', 123, 'MasterCard'), (7890123456789014, 2023, 11, 'Carta Credito', 456, 'Visa'), (7890123456789015, 2023, 11, 'Carta Credito', 789, 'MasterCard'), (7890123456789016, 2023, 11, 'Carta Credito', 012, 'Visa'), (7890123456789017, 2023, 11, 'Carta Credito', 345, 'MasterCard'), (7890123456789019, 2023, 11, 'Carta Credito', 678, 'Visa'), (8901234567890120, 2023, 11, 'Carta Credito', 901, 'MasterCard'), (8901234567890123, 2023, 11, 'Carta Credito', 234, 'Visa'), (8901234567890124, 2023, 11, 'Carta Credito', 567, 'MasterCard'), (8901234567890125, 2023, 11, 'Carta Credito', 890, 'Visa'), (8901234567890126, 2023, 11, 'Carta Credito', 123, 'MasterCard'), (8901234567890127, 2023, 11, 'Carta Credito', 456, 'Visa'), (9012345678900122, 2023, 11, 'Carta Credito', 789, 'MasterCard'), (9012345678900124, 2023, 11, 'Carta Credito', 012, 'Visa'), (9012345678900127, 2023, 11, 'Carta Credito', 345, 'MasterCard'), (9012345678900188, 2023, 11, 'Carta Credito', 678, 'Visa'), (9012345678901234, 2023, 11, 'Carta Credito', 901, 'MasterCard'), (9012345678901236, 2023, 11, 'Carta Credito', 234, 'Visa'), (9012345678901237, 2023, 11, 'Carta Credito', 567, 'MasterCard'), (9012345678901238, 2023, 11, 'Carta Credito', 890, 'Visa');
	
	INSERT INTO `PagamentoEffettuato` VALUES ('U002CD', '2023-01-01',5, 1234567890123450, 'Basic'), ('U003EF', '2023-01-02',10, 1234567890123451, 'Premium'), ('U004GH', '2023-01-03',12.5, 1234567890123453, 'Pro'), ('U005IJ', '2023-01-04',15, 1234567890123455, 'Deluxe'), ('U006KL', '2023-01-05',20, 1234567890123456, 'Ultimate'), ('U007MN', '2023-01-06',5, 1234567890123457, 'Basic'), ('U008OP', '2023-01-07',10, 1234567890123458, 'Premium'), ('U009QR', '2023-01-08',12.5, 1234567890123459, 'Pro'), ('U010ST', '2023-01-09',15, 2345678901234560, 'Deluxe'), ('U011UV', '2023-01-10',20, 2345678901234561, 'Ultimate'), ('U012WX', '2023-01-01',5, 2345678901234562, 'Basic'), ('U013YZ', '2023-01-02',10, 2345678901234564, 'Premium'), ('U014AB', '2023-01-03',12.5, 2345678901234566, 'Pro'), ('U015CD', '2023-01-04',15, 2345678901234567, 'Deluxe'), ('U016EF', '2023-01-05',20, 2345678901234568, 'Ultimate'), ('U017GH', '2023-01-06',5, 2345678901234569, 'Basic'), ('U018IJ', '2023-01-07',10, 3456789012345670, 'Premium'), ('U019KL', '2023-01-08',12.5, 3456789012345671, 'Pro'), ('U020MN', '2023-01-09',15, 3456789012345672, 'Deluxe'), ('U021OP', '2023-01-10',20, 3456789012345673, 'Ultimate'), ('U022QR', '2023-01-01',5, 3456789012345675, 'Basic'), ('U023ST', '2023-01-02',10, 3456789012345677, 'Premium'), ('U024UV', '2023-01-03',12.5, 3456789012345678, 'Pro'), ('U025WX', '2023-01-04',15, 3456789012345679, 'Deluxe'), ('U026YZ', '2023-01-05',20, 4567890123456780, 'Ultimate'), ('U027AB', '2023-01-06',5, 4567890123456781, 'Basic'), ('U028CD', '2023-01-07',10, 4567890123456782, 'Premium'), ('U029EF', '2023-01-08',12.5, 4567890123456783, 'Pro'), ('U030GH', '2023-01-09',15, 4567890123456784, 'Deluxe'), ('U031IJ', '2023-01-10',20, 4567890123456786, 'Ultimate'), ('U032KL', '2023-01-01',5, 4567890123456788, 'Basic'), ('U033MN', '2023-01-02',10, 4567890123456789, 'Premium'), ('U034OP', '2023-01-03',12.5, 5678901234567890, 'Pro'), ('U035QR', '2023-01-04',15, 5678901234567891, 'Deluxe'), ('U036ST', '2023-01-05',20, 5678901234567892, 'Ultimate'), ('U037UV', '2023-01-06',5, 5678901234567893, 'Basic'), ('U038WX', '2023-01-07',10, 5678901234567894, 'Premium'), ('U039YZ', '2023-01-08',12.5, 5678901234567895, 'Pro'), ('U040AB', '2023-01-09',15, 5678901234567897, 'Deluxe'), ('U041CD', '2023-01-10',20, 5678901234567899, 'Ultimate'), ('U042EF', '2023-01-01',5, 6789012345678900, 'Basic'), ('U043GH', '2023-01-02',10, 6789012345678901, 'Premium'), ('U044IJ', '2023-01-03',12.5, 6789012345678902, 'Pro'), ('U046MN', '2023-01-04',15, 6789012345678903, 'Deluxe'), ('U047OP', '2023-01-05',20, 6789012345678904, 'Ultimate'), ('U048QR', '2023-01-06',5, 6789012345678905, 'Basic'), ('U049ST', '2023-01-07',10, 6789012345678906, 'Premium'), ('U050UV', '2023-01-08',12.5, 6789012345678908, 'Pro'), ('U051WX', '2023-01-09',15, 7890123456789011, 'Deluxe'), ('U052YZ', '2023-01-10',20, 7890123456789012, 'Ultimate'), ('U053AB', '2023-01-01',5, 7890123456789013, 'Basic'), ('U054CD', '2023-01-02',10, 7890123456789014, 'Premium'), ('U055EF', '2023-01-03',12.5, 7890123456789015, 'Pro'), ('U056GH', '2023-01-04',15, 7890123456789016, 'Deluxe'), ('U057IJ', '2023-01-05',20, 7890123456789017, 'Ultimate'), ('U058KL', '2023-01-06',5, 7890123456789019, 'Basic'), ('U059MN', '2023-01-07',10, 8901234567890120, 'Premium'), ('U060OP', '2023-01-08',12.5, 8901234567890123, 'Pro'), ('U061QR', '2023-01-09',15, 8901234567890124, 'Deluxe'), ('U062ST', '2023-01-10',20, 8901234567890125, 'Ultimate'), ('U063UV', '2023-01-01',5, 8901234567890126, 'Basic'), ('U064WX', '2023-01-02',10, 8901234567890127, 'Premium'), ('U065YZ', '2023-01-03',12.5, 9012345678900122, 'Pro'), ('U066AB', '2023-01-04',15, 9012345678900124, 'Deluxe'), ('U067CD', '2023-01-05',20, 9012345678900127, 'Ultimate'), ('U068EF', '2023-01-06',5, 9012345678900188, 'Basic'), ('U069GH', '2023-01-07',10, 9012345678901234, 'Premium'), ('U070IJ', '2023-01-08',12.5, 9012345678901236, 'Pro'), ('U071KL', '2023-01-09',15, 9012345678901237, 'Deluxe'), ('U072MN', '2023-01-10',20, 9012345678901238, 'Ultimate'), ('U073OP', '2023-01-01',5, 1234567890123450, 'Basic'), ('U074QR', '2023-01-02',10, 1234567890123451, 'Premium'), ('U075ST', '2023-01-03',12.5, 1234567890123453, 'Pro'), ('U076UV', '2023-01-04',15, 1234567890123455, 'Deluxe'), ('U077WX', '2023-01-05',20, 1234567890123456, 'Ultimate'), ('U078YZ', '2023-01-06',5, 1234567890123457, 'Basic'), ('U079AB', '2023-01-07',10, 1234567890123458, 'Premium'), ('U080CD', '2023-01-08',12.5, 1234567890123459, 'Pro'), ('U081EF', '2023-01-09',15, 2345678901234560, 'Deluxe'), ('U082GH', '2023-01-10',20, 2345678901234561, 'Ultimate'), ('U083IJ', '2023-01-01',5, 1234567890123450, 'Basic'), ('U084KL', '2023-01-02',10, 1234567890123451, 'Premium'), ('U085MN', '2023-01-03',12.5, 1234567890123453, 'Pro'), ('U086OP', '2023-01-04',15, 1234567890123455, 'Deluxe'), ('U087QR', '2023-01-05',20, 1234567890123456, 'Ultimate'), ('U088ST', '2023-01-06',5, 1234567890123457, 'Basic'), ('U090UV', '2023-01-07',10, 1234567890123458, 'Premium'), ('U091WX', '2023-01-08',12.5, 1234567890123459, 'Pro'), ('U092YZ', '2023-01-09',15, 2345678901234560, 'Deluxe'), ('U093AB', '2023-01-10',20, 2345678901234561, 'Ultimate'), ('U094CD', '2023-01-01',5, 1234567890123450, 'Basic'), ('U095EF', '2023-01-02',10, 1234567890123451, 'Premium'), ('U096GH', '2023-01-03',12.5, 1234567890123453, 'Pro'), ('U097IJ', '2023-01-04',15, 1234567890123455, 'Deluxe'), ('U098KL', '2023-01-05',20, 1234567890123456, 'Ultimate'), ('U099MN', '2023-01-06',5, 1234567890123457, 'Basic'), ('U100OP', '2023-01-07',10, 1234567890123458, 'Premium'), ('U101QR', '2023-01-08',12.5, 1234567890123459, 'Pro'), ('U102ST', '2023-01-09',15, 2345678901234560, 'Deluxe');
    
    INSERT INTO `PianoAbbonamento` VALUES ('Basic', 5, 'SD', False, False), ('Premium', 10, '720p', False, False), ('Pro', 12.5, '1080p', False, False), ('Deluxe', 15, '4k', True, False), ('Ultimate', 20, '4k', True, True);

    INSERT INTO `Connessione` VALUES ('2023-01-01 04:15:30', 'D029GH', 'U052YZ', '192.168.1.1', '2023-01-01 05:30:45', -95.7129, 37.0902), ('2023-01-01 08:12:45', 'D002HT', 'U001AB', '192.168.1.1', '2023-01-01 09:34:21', -95.7129, 37.0902), ('2023-01-01 11:45:22', 'D081DL', 'U009QR', '192.168.1.2', '2023-01-01 13:00:37', -51.9253, -14.235), ('2023-01-01 14:45:23', 'D014QF', 'U032KL', '192.168.1.2', '2023-01-01 15:56:42', -51.9253, -14.235), ('2023-01-02 06:20:15', 'D055MO', 'U075ST', '192.168.1.3', '2023-01-02 07:35:29', 104.1954, 35.8617), ('2023-01-02 09:23:17', 'D058PT', 'U007MN', '192.168.1.3', '2023-01-02 10:45:33', 104.1954, 35.8617), ('2023-01-02 14:30:40', 'D105WG', 'U036ST', '192.168.1.4', '2023-01-02 15:45:55', 78.9629, 20.5937), ('2023-01-02 17:34:51', 'D087CP', 'U083IJ', '192.168.1.4', '2023-01-02 18:55:12', 78.9629, 20.5937), ('2023-01-03 03:50:29', 'D032SF', 'U055EF', '192.168.1.5', '2023-01-03 04:59:48', 105.3188, 61.524), ('2023-01-03 09:10:18', 'D032SF', 'U040AB', '192.168.1.5', '2023-01-03 10:25:33', 105.3188, 61.524), ('2023-01-03 12:15:44', 'D071YL', 'U035QR', '192.168.1.6', '2023-01-03 13:45:22', 24.9916, -28.8166), ('2023-01-03 17:22:05', 'D071YL', 'U044IJ', '192.168.1.6', '2023-01-03 18:37:20', 24.9916, -28.8166), ('2023-01-04 08:56:11', 'D048PL', 'U066AB', '192.168.1.7', '2023-01-04 09:57:29', 133.7751, -25.2744), ('2023-01-04 11:55:29', 'D002HT', 'U092SF', '192.168.1.7', '2023-01-04 13:10:43', 133.7751, -25.2744), ('2023-01-04 16:32:04', 'D101DL', 'U084KL', '192.168.1.8', '2023-01-04 17:43:15', -106.3468, 56.1304), ('2023-01-04 20:03:50', 'D050KR', 'U019KL', '192.168.1.8', '2023-01-04 21:19:05', -106.3468, 56.1304), ('2023-01-05 05:11:20', 'D024JP', 'U037UV', '192.168.1.9', '2023-01-05 06:22:39', -102.5528, 23.6345), ('2023-01-05 13:44:36', 'D057ZO', 'U092YZ', '192.168.1.10', '2023-01-05 14:55:54', 2.2137, 46.6035), ('2023-01-05 14:40:12', 'D017OM', 'U087QR', '192.168.1.9', '2023-01-05 15:55:28', -102.5528, 23.6345), ('2023-01-05 23:05:45', 'D059YL', 'U051WX', '192.168.1.10', '2023-01-05 23:59:59', 2.2137, 46.6035), ('2023-01-06 04:12:30', 'D048PL', 'U067CD', '192.168.1.11', '2023-01-06 05:27:45', 10.4515, 51.1657), ('2023-01-06 06:29:45', 'D082FT', 'U031IJ', '192.168.1.11', '2023-01-06 07:41:02', 10.4515, 51.1657), ('2023-01-06 10:35:22', 'D111YL', 'U011UV', '192.168.1.12', '2023-01-06 11:50:37', 138.2529, 36.2048), ('2023-01-06 15:02:56', 'D110KR', 'U079AB', '192.168.1.12', '2023-01-06 16:14:13', 138.2529, 36.2048), ('2023-01-07 05:15:15', 'D025BF', 'U072MN', '192.168.1.13', '2023-01-07 06:30:30', 12.5674, 41.8719), ('2023-01-07 11:26:38', 'D001CD', 'U044IJ', '192.168.1.13', '2023-01-07 12:37:56', 12.5674, 41.8719), ('2023-01-07 13:25:40', 'D087CP', 'U012WX', '192.168.1.14', '2023-01-07 14:40:55', -63.6167, -38.4161), ('2023-01-07 20:05:49', 'D038PT', 'U041CD', '192.168.1.14', '2023-01-07 21:17:07', -63.6167, -38.4161), ('2023-01-08 02:40:02', 'D084OI', 'U091WX', '192.168.1.15', '2023-01-08 03:51:20', 127.7669, 35.9078), ('2023-01-08 07:58:18', 'D064OI', 'U010ST', '192.168.1.15', '2023-01-08 09:13:33', 127.7669, 35.9078), ('2023-01-08 09:15:18', 'D069HT', 'U065YZ', '192.168.1.16', '2023-01-08 10:26:36', 45.0792, 23.8859), ('2023-01-08 16:06:50', 'D096NX', 'U003EF', '192.168.1.16', '2023-01-08 17:22:05', 45.0792, 23.8859), ('2023-01-09 03:37:45', 'D009PK', 'U042EF', '192.168.1.17', '2023-01-09 04:49:02', 8.6753, 9.082), ('2023-01-09 10:40:12', 'D008BV', 'U039YZ', '192.168.1.17', '2023-01-09 11:55:29', 8.6753, 9.082), ('2023-01-09 11:54:59', 'D025BF', 'U013YZ', '192.168.1.18', '2023-01-09 13:06:17', 31.2357, 30.0444), ('2023-01-09 18:50:35', 'D059YL', 'U070IJ', '192.168.1.18', '2023-01-09 20:05:50', 31.2357, 30.0444), ('2023-01-10 07:23:12', 'D013NZ', 'U085MN', '192.168.1.19', '2023-01-10 08:34:30', 35.2433, 38.9637), ('2023-01-10 13:30:18', 'D084OI', 'U001AB', '192.168.1.19', '2023-01-10 14:45:33', 35.2433, 38.9637), ('2023-01-10 15:48:25', 'D016SG', 'U076UV', '192.168.1.20', '2023-01-10 17:19:03', -3.436, 55.3781), ('2023-01-10 21:42:05', 'D049HT', 'U045WG', '192.168.1.20', '2023-01-10 22:57:20', -3.436, 55.3781), ('2023-01-11 04:14:38', 'D044OI', 'U033MN', '192.168.1.21', '2023-01-11 05:25:56', -95.7129, 37.0902), ('2023-01-11 12:42:54', 'D091YL', 'U046MN', '192.168.1.22', '2023-01-11 13:54:12', -51.9253, -14.235), ('2023-01-12 06:20:15', 'D032SF', 'U040AB', '192.168.1.5', '2023-01-12 07:35:29', 105.3188, 61.524), ('2023-01-12 09:05:20', 'D050KR', 'U003EF', '192.168.1.23', '2023-01-12 10:16:37', 104.1954, 35.8617), ('2023-01-12 17:29:43', 'D074CV', 'U048QR', '192.168.1.24', '2023-01-12 18:41:01', 78.9629, 20.5937), ('2023-01-13 06:00:02', 'D019KR', 'U059MN', '192.168.1.25', '2023-01-13 07:11:20', 105.3188, 61.524), ('2023-01-13 11:55:29', 'D002HT', 'U092SF', '192.168.1.7', '2023-01-13 13:10:43', 133.7751, -25.2744), ('2023-01-13 13:24:21', 'D028JK', 'U021OP', '192.168.1.26', '2023-01-13 14:35:39', 24.9916, -28.8166), ('2023-01-14 08:47:45', 'D049HT', 'U072MN', '192.168.1.27', '2023-01-14 09:59:02', 133.7751, -25.2744), ('2023-01-14 16:12:02', 'D092SF', 'U012WX', '192.168.1.28', '2023-01-14 17:23:20', -106.3468, 56.1304), ('2023-01-14 20:03:50', 'D050KR', 'U019KL', '192.168.1.8', '2023-01-14 21:19:05', -106.3468, 56.1304), ('2023-01-15 04:34:21', 'D107CP', 'U056GH', '192.168.1.29', '2023-01-15 05:45:38', -102.5528, 23.6345), ('2023-01-15 12:55:38', 'D033VR', 'U068EF', '192.168.1.30', '2023-01-15 14:06:56', 2.2137, 46.6035), ('2023-01-15 14:40:12', 'D017OM', 'U087QR', '192.168.1.9', '2023-01-15 15:55:28', -102.5528, 23.6345), ('2023-01-15 23:05:45', 'D059YL', 'U051WX', '192.168.1.10', '2023-01-15 23:59:59', 2.2137, 46.6035), ('2023-01-16 04:12:30', 'D048PL', 'U067CD', '192.168.1.11', '2023-01-16 05:27:45', 10.4515, 51.1657), ('2023-01-16 07:19:02', 'D040QI', 'U014AB', '192.168.1.31', '2023-01-16 08:30:19', 10.4515, 51.1657), ('2023-01-16 10:35:22', 'D111YL', 'U011UV', '192.168.1.12', '2023-01-16 11:50:37', 138.2529, 36.2048), ('2023-01-16 15:42:19', 'D059YL', 'U025WX', '192.168.1.32', '2023-01-16 17:13:04', 138.2529, 36.2048), ('2023-01-17 02:04:38', 'D026XC', 'U078YZ', '192.168.1.33', '2023-01-17 03:15:56', 12.5674, 41.8719), ('2023-01-17 05:15:15', 'D025BF', 'U072MN', '192.168.1.13', '2023-01-17 06:30:30', 12.5674, 41.8719), ('2023-01-17 10:30:01', 'D063YH', 'U020MN', '192.168.1.34', '2023-01-17 11:41:19', -63.6167, -38.4161), ('2023-01-17 13:25:40', 'D087CP', 'U012WX', '192.168.1.14', '2023-01-17 14:40:55', -63.6167, -38.4161), ('2023-01-18 06:01:23', 'D064OI', 'U089HT', '192.168.1.35', '2023-01-18 07:12:41', 127.7669, 35.9078), ('2023-01-18 07:58:18', 'D064OI', 'U010ST', '192.168.1.15', '2023-01-18 09:13:33', 127.7669, 35.9078), ('2023-01-18 13:22:41', 'D077ZO', 'U015CD', '192.168.1.36', '2023-01-18 14:34:00', 45.0792, 23.8859), ('2023-01-18 16:06:50', 'D096NX', 'U003EF', '192.168.1.16', '2023-01-18 17:22:05', 45.0792, 23.8859), ('2023-01-19 08:44:56', 'D070KR', 'U051WX', '192.168.1.37', '2023-01-19 09:56:14', 8.6753, 9.082), ('2023-01-19 10:40:12', 'D008BV', 'U039YZ', '192.168.1.17', '2023-01-19 11:55:29', 8.6753, 9.082), ('2023-01-19 17:09:12', 'D006AK', 'U034OP', '192.168.1.38', '2023-01-19 18:20:30', 31.2357, 30.0444), ('2023-01-19 18:50:35', 'D059YL', 'U070IJ', '192.168.1.18', '2023-01-19 20:05:50', 31.2357, 30.0444), ('2023-01-20 03:30:31', 'D001CD', 'U075ST', '192.168.1.39', '2023-01-20 04:41:49', 35.2433, 38.9637), ('2023-01-20 11:55:48', 'D022FT', 'U095EF', '192.168.1.40', '2023-01-20 13:07:06', -3.436, 55.3781), ('2023-01-20 13:30:18', 'D084OI', 'U001AB', '192.168.1.19', '2023-01-20 14:45:33', 35.2433, 38.9637), ('2023-01-20 21:42:05', 'D049HT', 'U045WG', '192.168.1.20', '2023-01-20 22:57:20', -3.436, 55.3781), ('2023-01-21 07:19:05', 'D018XC', 'U069GH', '192.168.1.41', '2023-01-21 08:30:23', -95.7129, 37.0902), ('2023-01-21 15:44:22', 'D065WG', 'U061QR', '192.168.1.42', '2023-01-21 17:15:09', -51.9253, -14.235), ('2023-01-22 04:08:45', 'D075MO', 'U045WG', '192.168.1.43', '2023-01-22 05:20:03', 104.1954, 35.8617), ('2023-01-22 12:33:59', 'D054CV', 'U088ST', '192.168.1.44', '2023-01-22 13:45:17', 78.9629, 20.5937), ('2023-01-23 08:01:17', 'D008BV', 'U067CD', '192.168.1.45', '2023-01-23 09:12:34', 105.3188, 61.524), ('2023-01-23 16:24:35', 'D111YL', 'U099MN', '192.168.1.46', '2023-01-23 17:35:53', 24.9916, -28.8166), ('2023-01-24 03:48:59', 'D020YV', 'U080CD', '192.168.1.47', '2023-01-24 05:00:17', 133.7751, -25.2744), ('2023-01-24 11:15:12', 'D030WM', 'U096GH', '192.168.1.48', '2023-01-24 12:26:30', -106.3468, 56.1304), ('2023-01-25 06:38:39', 'D003FJ', 'U016EF', '192.168.1.49', '2023-01-25 07:49:57', -102.5528, 23.6345), ('2023-01-29 18:35:21', 'D062FT', 'U089HT', '192.168.1.81', '2023-01-29 19:50:37', 127.7669, 35.9078), ('2023-01-29 18:35:22', 'D062FT', 'U089HT', '192.168.1.81', '2023-01-29 19:50:37', 127.7669, 35.9078), ('2023-01-29 23:05:45', 'D034CV', 'U058KL', '192.168.1.82', '2023-01-29 23:59:59', 45.0792, 23.8859), ('2023-01-29 23:05:46', 'D034CV', 'U058KL', '192.168.1.82', '2023-01-29 23:59:59', 45.0792, 23.8859), ('2023-01-30 04:12:30', 'D068PL', 'U055EF', '192.168.1.83', '2023-01-30 05:27:45', 8.6753, 9.082), ('2023-01-30 10:35:22', 'D077ZO', 'U068EF', '192.168.1.84', '2023-01-30 11:50:37', 31.2357, 30.0444), ('2023-01-30 14:20:15', 'D041DL', 'U038WX', '192.168.1.85', '2023-01-30 15:35:29', 35.2433, 38.9637), ('2023-01-31 09:00:18', 'D018XC', 'U069GH', '192.168.1.86', '2023-01-31 10:15:33', -95.7129, 37.0902);
    
	INSERT INTO `Visualizzazione` VALUES ('2023-01-01 04:15:35','2023-01-01 08:12:45', 'D002HT','2023-01-01 07:15:35', 'F001XV'), ('2023-01-01 08:12:50','2023-01-01 04:15:30', 'D029GH','2023-01-01 09:12:50', 'F002YL'), ('2023-01-01 11:45:27','2023-01-01 08:12:45', 'D002HT','2023-01-01 12:45:27', 'F003QW'), ('2023-01-01 14:45:28','2023-01-01 11:45:22', 'D081DL','2023-01-01 15:45:28', 'F004AU'), ('2023-01-02 06:20:20','2023-01-01 14:45:23', 'D014QF','2023-01-02 07:20:20', 'F005HR'), ('2023-01-02 09:23:22','2023-01-02 06:20:15', 'D055MO','2023-01-02 10:23:22', 'F006TI'), ('2023-01-02 14:30:45','2023-01-02 09:23:17', 'D058PT','2023-01-02 15:30:45', 'F007BJ'), ('2023-01-02 17:34:56','2023-01-02 14:30:40', 'D105WG','2023-01-02 18:34:56', 'F008NZ'), ('2023-01-03 03:50:34','2023-01-02 17:34:51', 'D087CP','2023-01-03 04:50:34', 'F009GM'), ('2023-01-03 09:10:23','2023-01-03 03:50:29', 'D032SF','2023-01-03 10:10:23', 'F010KA'), ('2023-01-03 12:15:49','2023-01-03 09:10:18', 'D032SF','2023-01-03 13:15:49', 'F011QF'), ('2023-01-03 17:22:10','2023-01-03 12:15:44', 'D071YL','2023-01-03 18:22:10', 'F012XG'), ('2023-01-04 08:56:16','2023-01-03 17:22:05', 'D071YL','2023-01-04 09:56:16', 'F013YD'), ('2023-01-04 11:55:34','2023-01-04 08:56:11', 'D048PL','2023-01-04 12:55:34', 'F014ZP'), ('2023-01-04 16:32:09','2023-01-04 11:55:29', 'D002HT','2023-01-04 17:32:09', 'F015DL'), ('2023-01-04 20:03:55','2023-01-04 16:32:04', 'D101DL','2023-01-04 21:03:55', 'F016JM'), ('2023-01-05 05:11:25','2023-01-04 20:03:50', 'D050KR','2023-01-05 06:11:25', 'F017OA'), ('2023-01-05 13:44:41','2023-01-05 05:11:20', 'D024JP','2023-01-05 14:44:41', 'F018ZJ'), ('2023-01-05 14:40:17','2023-01-05 13:44:36', 'D057ZO','2023-01-05 15:40:17', 'F019DN'), ('2023-01-05 23:05:50','2023-01-05 14:40:12', 'D017OM','2023-01-06 00:05:50', 'F020RF'), ('2023-01-06 04:12:35','2023-01-05 23:05:45', 'D059YL','2023-01-06 05:12:35', 'F021PT'), ('2023-01-06 06:29:50','2023-01-06 04:12:30', 'D048PL','2023-01-06 07:29:50', 'F022QI'), ('2023-01-06 10:35:27','2023-01-06 06:29:45', 'D082FT','2023-01-06 11:35:27', 'F023VK'), ('2023-01-06 15:03:01','2023-01-06 10:35:22', 'D111YL','2023-01-06 16:03:01', 'F024DC'), ('2023-01-07 05:15:20','2023-01-06 15:02:56', 'D110KR','2023-01-07 06:15:20', 'F025BA'), ('2023-01-07 11:26:43','2023-01-07 05:15:15', 'D025BF','2023-01-07 12:26:43', 'F026OM'), ('2023-01-07 13:25:45','2023-01-07 11:26:38', 'D001CD','2023-01-07 14:25:45', 'F027PC'), ('2023-01-07 20:05:54','2023-01-07 13:25:40', 'D087CP','2023-01-07 21:05:54', 'F028JI'), ('2023-01-08 02:40:07','2023-01-07 20:05:49', 'D038PT','2023-01-08 03:40:07', 'F029GL'), ('2023-01-08 07:58:23','2023-01-08 02:40:02', 'D084OI','2023-01-08 08:58:23', 'F030NG'), ('2023-01-08 09:15:23','2023-01-08 07:58:18', 'D064OI','2023-01-08 10:15:23', 'F031YV'), ('2023-01-08 16:07:05','2023-01-08 09:15:18', 'D069HT','2023-01-08 17:07:05', 'F032DI'), ('2023-01-09 03:37:50','2023-01-08 16:06:50', 'D096NX','2023-01-09 04:37:50', 'F033BV'), ('2023-01-09 10:40:17','2023-01-09 03:37:45', 'D009PK','2023-01-09 11:40:17', 'F034HX'), ('2023-01-09 11:55:04','2023-01-09 10:40:12', 'D008BV','2023-01-09 12:55:04', 'F035FU'), ('2023-01-09 18:50:40','2023-01-09 11:54:59', 'D025BF','2023-01-09 19:50:40', 'F036DO'), ('2023-01-10 07:23:17','2023-01-09 18:50:35', 'D059YL','2023-01-10 08:23:17', 'F037LA'), ('2023-01-10 13:30:23','2023-01-10 07:23:12', 'D013NZ','2023-01-10 14:30:23', 'F038JL'), ('2023-01-10 15:48:30','2023-01-10 13:30:18', 'D084OI','2023-01-10 16:48:30', 'F039RP'), ('2023-01-11 04:14:43','2023-01-10 15:48:25', 'D016SG','2023-01-11 05:14:43', 'F040OQ'), ('2023-01-11 12:43:00','2023-01-10 21:42:05', 'D049HT','2023-01-11 13:43:00', 'F041DT'), ('2023-01-12 06:20:20','2023-01-11 04:14:38', 'D044OI','2023-01-12 07:20:20', 'F042QK'), ('2023-01-12 09:05:25','2023-01-11 12:42:54', 'D091YL','2023-01-12 10:05:25', 'F043HM'), ('2023-01-12 17:29:48','2023-01-12 06:20:15', 'D032SF','2023-01-12 18:29:48', 'F044BU'), ('2023-01-13 06:00:07','2023-01-12 09:05:20', 'D050KR','2023-01-13 07:00:07', 'F045HR'), ('2023-01-13 11:55:34','2023-01-12 17:29:43', 'D074CV','2023-01-13 12:55:34', 'F046TA'), ('2023-01-13 13:24:26','2023-01-13 06:00:02', 'D019KR','2023-01-13 14:24:26', 'F047PY'), ('2023-01-14 08:47:50','2023-01-13 11:55:29', 'D002HT','2023-01-14 09:47:50', 'F048MC'), ('2023-01-14 16:12:07','2023-01-13 13:24:21', 'D028JK','2023-01-14 17:12:07', 'F049LU'), ('2023-01-14 20:03:55','2023-01-14 08:47:45', 'D049HT','2023-01-14 21:03:55', 'F050WA'), ('2023-01-15 04:34:26','2023-01-14 16:12:02', 'D092SF','2023-01-15 05:05:50', 'F051NG'), ('2023-01-15 12:55:43','2023-01-14 20:03:50', 'D050KR','2023-01-15 13:34:26', 'F052CU'), ('2023-01-15 14:40:17','2023-01-15 04:34:21', 'D107CP','2023-01-15 15:55:43', 'F053ZG'), ('2023-01-15 23:05:50','2023-01-15 12:55:38', 'D033VR','2023-01-16 00:40:17', 'F054XV'), ('2023-01-16 04:12:35','2023-01-15 14:40:12', 'D017OM','2023-01-16 05:12:35', 'F055JW'), ('2023-01-16 07:19:07','2023-01-15 23:05:45', 'D059YL','2023-01-16 08:19:07', 'F056VH'), ('2023-01-16 10:35:27','2023-01-16 04:12:30', 'D048PL','2023-01-16 11:35:27', 'F057ZW'), ('2023-01-16 15:42:24','2023-01-16 07:19:02', 'D040QI','2023-01-16 16:42:24', 'F058OC'), ('2023-01-17 02:04:43','2023-01-16 10:35:22', 'D111YL','2023-01-17 03:04:43', 'F059YI'), ('2023-01-17 05:15:20','2023-01-16 15:42:19', 'D059YL','2023-01-17 06:15:20', 'F060DM'), ('2023-01-17 10:30:06','2023-01-17 02:04:38', 'D026XC','2023-01-17 11:30:06', 'F061WD'), ('2023-01-17 13:25:45','2023-01-17 05:15:15', 'D025BF','2023-01-17 14:25:45', 'F062JI'), ('2023-01-18 06:01:28','2023-01-17 10:30:01', 'D063YH','2023-01-18 07:01:28', 'F063YK'), ('2023-01-18 07:58:23','2023-01-17 13:25:40', 'D087CP','2023-01-18 08:58:23', 'F064ON'), ('2023-01-18 13:22:46','2023-01-18 06:01:23', 'D064OI','2023-01-18 14:22:46', 'F065PR'), ('2023-01-18 16:07:55','2023-01-18 07:58:18', 'D064OI','2023-01-18 17:07:55', 'F066QW'), ('2023-01-19 08:45:01','2023-01-18 13:22:41', 'D077ZO','2023-01-19 09:45:01', 'F067AL'), ('2023-01-19 10:40:17','2023-01-18 16:06:50', 'D096NX','2023-01-19 11:40:17', 'F068DI'), ('2023-01-19 17:09:17','2023-01-19 08:44:56', 'D070KR','2023-01-19 18:09:17', 'F069BF'), ('2023-01-19 18:50:40','2023-01-19 10:40:12', 'D008BV','2023-01-19 19:50:40', 'F070CP'), ('2023-01-20 03:30:36','2023-01-19 17:09:12', 'D006AK','2023-01-20 04:30:36', 'F071TS'), ('2023-01-20 11:55:53','2023-01-19 18:50:35', 'D059YL','2023-01-20 12:55:53', 'F072VQ'), ('2023-01-20 13:30:23','2023-01-20 03:30:31', 'D001CD','2023-01-20 14:30:23', 'F073XR'), ('2023-01-20 21:42:10','2023-01-20 11:55:48', 'D022FT','2023-01-20 22:42:10', 'F074FY'), ('2023-01-21 07:19:10','2023-01-20 13:30:18', 'D084OI','2023-01-21 08:19:10', 'F075UL'), ('2023-01-21 15:44:27','2023-01-20 21:42:05', 'D049HT','2023-01-21 16:44:27', 'F076RJ'), ('2023-01-22 04:08:50','2023-01-21 07:19:05', 'D018XC','2023-01-22 05:08:50', 'F077QV'), ('2023-01-22 12:34:04','2023-01-21 15:44:22', 'D065WG','2023-01-22 13:34:04', 'F078KW'), ('2023-01-23 08:01:22','2023-01-22 04:08:45', 'D075MO','2023-01-23 09:01:22', 'F079ET'), ('2023-01-23 16:24:40','2023-01-22 12:33:59', 'D054CV','2023-01-23 17:24:40', 'F080QI'), ('2023-01-24 03:49:04','2023-01-23 08:01:17', 'D008BV','2023-01-24 04:49:04', 'F001XV'), ('2023-01-24 11:15:17','2023-01-23 16:24:35', 'D111YL','2023-01-24 12:15:17', 'F002YL'), ('2023-01-25 06:38:44','2023-01-24 03:48:59', 'D020YV','2023-01-25 07:38:44', 'F003QW'), ('2023-01-29 18:35:26','2023-01-24 11:15:12', 'D030WM','2023-01-29 20:05:50', 'F004AU'), ('2023-01-29 18:35:27','2023-01-25 06:38:39', 'D003FJ','2023-01-29 20:05:51', 'F005HR'), ('2023-01-29 23:05:50','2023-01-29 18:35:21', 'D062FT','2023-01-30 00:35:26', 'F006TI'), ('2023-01-29 23:05:51', '2023-01-29 18:35:22', 'D062FT','2023-01-30 00:35:27', 'F007BJ'), ('2023-01-30 04:12:35','2023-01-29 23:05:45', 'D034CV','2023-01-30 05:12:35', 'F008NZ'), ('2023-01-30 10:35:27','2023-01-29 23:05:46', 'D034CV','2023-01-30 11:35:27', 'F009GM'), ('2023-01-30 14:20:20','2023-01-30 04:12:30', 'D068PL','2023-01-30 15:20:20', 'F010KA'), ('2023-01-31 09:00:23','2023-01-30 10:35:22', 'D077ZO','2023-01-31 10:00:23', 'F011QF'), ('2023-02-10 08:27:15','2023-01-30 14:20:15', 'D041DL','2023-02-10 10:27:15', 'F012XG'), ('2023-03-22 17:03:42','2023-01-31 09:00:18', 'D018XC','2023-03-22 18:03:42', 'F013YD');
    
    -- Area Streaming
     
	INSERT INTO `ServerCDN` VALUES ('SRV001', 30000, 11000, 7500, 'Stati Uniti'), ('SRV002', 1500, 10000, 6000, 'Germania'), ('SRV003', 30000, 9500, 8000, 'Cina'), ('SRV004', 30000, 10500, 5000, 'India'), ('SRV005', 30000, 9000, 7000, 'Russia'), ('SRV006', 30000, 11500, 9000, 'Sudafrica'), ('SRV007', 30000, 11000, 7500, 'Australia'), ('SRV008', 30000, 10000, 6000, 'Canada'), ('SRV009', 30000, 9500, 8000, 'Messico'), ('SRV010', 30000, 10500, 5000, 'Stati Uniti');
    
	INSERT INTO `Presso` VALUES ('SRV001' , '2023-01-01 04:15:35','2023-01-01 08:12:45', 'D002HT'), ('SRV002' , '2023-01-01 08:12:50','2023-01-01 04:15:30', 'D029GH'), ('SRV003' , '2023-01-01 11:45:27','2023-01-01 08:12:45', 'D002HT'), ('SRV004' , '2023-01-01 14:45:28','2023-01-01 11:45:22', 'D081DL'), ('SRV005' , '2023-01-02 06:20:20','2023-01-01 14:45:23', 'D014QF'), ('SRV006' , '2023-01-02 09:23:22','2023-01-02 06:20:15', 'D055MO'), ('SRV007' , '2023-01-02 14:30:45','2023-01-02 09:23:17', 'D058PT'), ('SRV008' , '2023-01-02 17:34:56','2023-01-02 14:30:40', 'D105WG'), ('SRV009' , '2023-01-03 03:50:34','2023-01-02 17:34:51', 'D087CP'), ('SRV010' , '2023-01-03 09:10:23','2023-01-03 03:50:29', 'D032SF'), ('SRV001' , '2023-01-03 12:15:49','2023-01-03 09:10:18', 'D032SF'), ('SRV002' , '2023-01-03 17:22:10','2023-01-03 12:15:44', 'D071YL'), ('SRV003' , '2023-01-04 08:56:16','2023-01-03 17:22:05', 'D071YL'), ('SRV004' , '2023-01-04 11:55:34','2023-01-04 08:56:11', 'D048PL'), ('SRV005' , '2023-01-04 16:32:09','2023-01-04 11:55:29', 'D002HT'), ('SRV006' , '2023-01-04 20:03:55','2023-01-04 16:32:04', 'D101DL'), ('SRV007' , '2023-01-05 05:11:25','2023-01-04 20:03:50', 'D050KR'), ('SRV008' , '2023-01-05 13:44:41','2023-01-05 05:11:20', 'D024JP'), ('SRV009' , '2023-01-05 14:40:17','2023-01-05 13:44:36', 'D057ZO'), ('SRV010' , '2023-01-05 23:05:50','2023-01-05 14:40:12', 'D017OM'), ('SRV001' , '2023-01-06 04:12:35','2023-01-05 23:05:45', 'D059YL'), ('SRV002' , '2023-01-06 06:29:50','2023-01-06 04:12:30', 'D048PL'), ('SRV003' , '2023-01-06 10:35:27','2023-01-06 06:29:45', 'D082FT'), ('SRV004' , '2023-01-06 15:03:01','2023-01-06 10:35:22', 'D111YL'), ('SRV005' , '2023-01-07 05:15:20','2023-01-06 15:02:56', 'D110KR'), ('SRV006' , '2023-01-07 11:26:43','2023-01-07 05:15:15', 'D025BF'), ('SRV007' , '2023-01-07 13:25:45','2023-01-07 11:26:38', 'D001CD'), ('SRV008' , '2023-01-07 20:05:54','2023-01-07 13:25:40', 'D087CP'), ('SRV009' , '2023-01-08 02:40:07','2023-01-07 20:05:49', 'D038PT'), ('SRV010' , '2023-01-08 07:58:23','2023-01-08 02:40:02', 'D084OI'), ('SRV001' , '2023-01-08 09:15:23','2023-01-08 07:58:18', 'D064OI'), ('SRV002' , '2023-01-08 16:07:05','2023-01-08 09:15:18', 'D069HT'), ('SRV003' , '2023-01-09 03:37:50','2023-01-08 16:06:50', 'D096NX'), ('SRV004' , '2023-01-09 10:40:17','2023-01-09 03:37:45', 'D009PK'), ('SRV005' , '2023-01-09 11:55:04','2023-01-09 10:40:12', 'D008BV'), ('SRV006' , '2023-01-09 18:50:40','2023-01-09 11:54:59', 'D025BF'), ('SRV007' , '2023-01-10 07:23:17','2023-01-09 18:50:35', 'D059YL'), ('SRV008' , '2023-01-10 13:30:23','2023-01-10 07:23:12', 'D013NZ'), ('SRV009' , '2023-01-10 15:48:30','2023-01-10 13:30:18', 'D084OI'), ('SRV010' , '2023-01-11 04:14:43','2023-01-10 15:48:25', 'D016SG'), ('SRV001' , '2023-01-11 12:43:00','2023-01-10 21:42:05', 'D049HT'), ('SRV002' , '2023-01-12 06:20:20','2023-01-11 04:14:38', 'D044OI'), ('SRV003' , '2023-01-12 09:05:25','2023-01-11 12:42:54', 'D091YL'), ('SRV004' , '2023-01-12 17:29:48','2023-01-12 06:20:15', 'D032SF'), ('SRV005' , '2023-01-13 06:00:07','2023-01-12 09:05:20', 'D050KR'), ('SRV006' , '2023-01-13 11:55:34','2023-01-12 17:29:43', 'D074CV'), ('SRV007' , '2023-01-13 13:24:26','2023-01-13 06:00:02', 'D019KR'), ('SRV008' , '2023-01-14 08:47:50','2023-01-13 11:55:29', 'D002HT'), ('SRV009' , '2023-01-14 16:12:07','2023-01-13 13:24:21', 'D028JK'), ('SRV010' , '2023-01-14 20:03:55','2023-01-14 08:47:45', 'D049HT'), ('SRV001' , '2023-01-15 04:34:26','2023-01-14 16:12:02', 'D092SF'), ('SRV002' , '2023-01-15 12:55:43','2023-01-14 20:03:50', 'D050KR'), ('SRV003' , '2023-01-15 14:40:17','2023-01-15 04:34:21', 'D107CP'), ('SRV004' , '2023-01-15 23:05:50','2023-01-15 12:55:38', 'D033VR'), ('SRV005' , '2023-01-16 04:12:35','2023-01-15 14:40:12', 'D017OM'), ('SRV006' , '2023-01-16 07:19:07','2023-01-15 23:05:45', 'D059YL'), ('SRV007' , '2023-01-16 10:35:27','2023-01-16 04:12:30', 'D048PL'), ('SRV008' , '2023-01-16 15:42:24','2023-01-16 07:19:02', 'D040QI'), ('SRV009' , '2023-01-17 02:04:43','2023-01-16 10:35:22', 'D111YL'), ('SRV010' , '2023-01-17 05:15:20','2023-01-16 15:42:19', 'D059YL'), ('SRV001' , '2023-01-17 10:30:06','2023-01-17 02:04:38', 'D026XC'), ('SRV002' , '2023-01-17 13:25:45','2023-01-17 05:15:15', 'D025BF'), ('SRV003' , '2023-01-18 06:01:28','2023-01-17 10:30:01', 'D063YH'), ('SRV004' , '2023-01-18 07:58:23','2023-01-17 13:25:40', 'D087CP'), ('SRV005' , '2023-01-18 13:22:46','2023-01-18 06:01:23', 'D064OI'), ('SRV006' , '2023-01-18 16:07:55','2023-01-18 07:58:18', 'D064OI'), ('SRV007' , '2023-01-19 08:45:01','2023-01-18 13:22:41', 'D077ZO'), ('SRV008' , '2023-01-19 10:40:17','2023-01-18 16:06:50', 'D096NX'), ('SRV009' , '2023-01-19 17:09:17','2023-01-19 08:44:56', 'D070KR'), ('SRV010' , '2023-01-19 18:50:40','2023-01-19 10:40:12', 'D008BV'), ('SRV001' , '2023-01-20 03:30:36','2023-01-19 17:09:12', 'D006AK'), ('SRV002' , '2023-01-20 11:55:53','2023-01-19 18:50:35', 'D059YL'), ('SRV003' , '2023-01-20 13:30:23','2023-01-20 03:30:31', 'D001CD'), ('SRV004' , '2023-01-20 21:42:10','2023-01-20 11:55:48', 'D022FT'), ('SRV005' , '2023-01-21 07:19:10','2023-01-20 13:30:18', 'D084OI'), ('SRV006' , '2023-01-21 15:44:27','2023-01-20 21:42:05', 'D049HT'), ('SRV007' , '2023-01-22 04:08:50','2023-01-21 07:19:05', 'D018XC'), ('SRV008' , '2023-01-22 12:34:04','2023-01-21 15:44:22', 'D065WG'), ('SRV009' , '2023-01-23 08:01:22','2023-01-22 04:08:45', 'D075MO'), ('SRV010' , '2023-01-23 16:24:40','2023-01-22 12:33:59', 'D054CV'), ('SRV001' , '2023-01-24 03:49:04','2023-01-23 08:01:17', 'D008BV'), ('SRV002' , '2023-01-24 11:15:17','2023-01-23 16:24:35', 'D111YL'), ('SRV003' , '2023-01-25 06:38:44','2023-01-24 03:48:59', 'D020YV'), ('SRV004' , '2023-01-29 18:35:26','2023-01-24 11:15:12', 'D030WM'), ('SRV005' , '2023-01-29 18:35:27','2023-01-25 06:38:39', 'D003FJ'), ('SRV006' , '2023-01-29 23:05:50','2023-01-29 18:35:21', 'D062FT'), ('SRV007' , '2023-01-29 23:05:51','2023-01-29 18:35:22', 'D062FT'), ('SRV008' , '2023-01-30 04:12:35','2023-01-29 23:05:45', 'D034CV'), ('SRV009' , '2023-01-30 10:35:27','2023-01-29 23:05:46', 'D034CV'), ('SRV010' , '2023-01-30 14:20:20','2023-01-30 04:12:30', 'D068PL'), ('SRV001' , '2023-01-31 09:00:23','2023-01-30 10:35:22', 'D077ZO'), ('SRV002' , '2023-02-10 08:27:15','2023-01-30 14:20:15', 'D041DL'), ('SRV003' , '2023-03-22 17:03:42','2023-01-31 09:00:18', 'D018XC');

	INSERT INTO `DisponibilitaImmediata` VALUES ('SRV001','F001XV'), ('SRV001','F011QF'), ('SRV001','F021PT'), ('SRV001','F031YV'), ('SRV001','F041DT'), ('SRV001','F051NG'), ('SRV001','F061WD'), ('SRV001','F071TS'), ('SRV002','F002YL'), ('SRV002','F012XG'), ('SRV002','F022QI'), ('SRV002','F032DI'), ('SRV002','F042QK'), ('SRV002','F052CU'), ('SRV002','F062JI'), ('SRV002','F072VQ'), ('SRV003','F003QW'), ('SRV003','F013YD'), ('SRV003','F023VK'), ('SRV003','F033BV'), ('SRV003','F043HM'), ('SRV003','F053ZG'), ('SRV003','F063YK'), ('SRV003','F073XR'), ('SRV004','F004AU'), ('SRV004','F014ZP'), ('SRV004','F024DC'), ('SRV004','F034HX'), ('SRV004','F044BU'), ('SRV004','F054XV'), ('SRV004','F064ON'), ('SRV004','F074FY'), ('SRV005','F005HR'), ('SRV005','F015DL'), ('SRV005','F025BA'), ('SRV005','F035FU'), ('SRV005','F045HR'), ('SRV005','F055JW'), ('SRV005','F065PR'), ('SRV005','F075UL'), ('SRV006','F006TI'), ('SRV006','F016JM'), ('SRV006','F026OM'), ('SRV006','F036DO'), ('SRV006','F046TA'), ('SRV006','F056VH'), ('SRV006','F066QW'), ('SRV006','F076RJ'), ('SRV007','F007BJ'), ('SRV007','F017OA'), ('SRV007','F027PC'), ('SRV007','F037LA'), ('SRV007','F047PY'), ('SRV007','F057ZW'), ('SRV007','F067AL'), ('SRV007','F077QV'), ('SRV008','F008NZ'), ('SRV008','F018ZJ'), ('SRV008','F028JI'), ('SRV008','F038JL'), ('SRV008','F048MC'), ('SRV008','F058OC'), ('SRV008','F068DI'), ('SRV008','F078KW'), ('SRV009','F009GM'), ('SRV009','F019DN'), ('SRV009','F029GL'), ('SRV009','F039RP'), ('SRV009','F049LU'), ('SRV009','F059YI'), ('SRV009','F069BF'), ('SRV009','F079ET'), ('SRV010','F010KA'), ('SRV010','F020RF'), ('SRV010','F030NG'), ('SRV010','F040OQ'), ('SRV010','F050WA'), ('SRV010','F060DM'), ('SRV010','F070CP'), ('SRV010','F080QI');
        
    COMMIT;